Barcode,res.0.5
AAACCTGGTATGGTTC-1,0
AAACCTGGTTGCGCAC-1,0
AAACCTGTCTGCTGTC-1,NA
AAACGGGAGTGGGCTA-1,NA
AAACGGGCAAACTGCT-1,NA
AAACGGGGTCTCAACA-1,0
AAACGGGTCGAGAACG-1,4
AAAGATGTCATTTGGG-1,0
AAAGATGTCCAACCAA-1,0
AAAGTAGTCCGTAGGC-1,0
AAATGCCTCATGGTCA-1,0
AACCATGCATCGACGC-1,3
AACCATGTCAAACCAC-1,3
AACCGCGAGGCAGGTT-1,4
AACCGCGTCTTATCTG-1,0
AACGTTGAGACCTTTG-1,7
AACGTTGTCCTCCTAG-1,5
AACTCAGGTAGTAGTA-1,4
AACTCAGTCTAACGGT-1,0
AACTCCCGTTACGGAG-1,0
AACTCCCTCTCTTGAT-1,0
AACTCTTAGTTAGGTA-1,4
AACTCTTCAGCCTTTC-1,0
AACTCTTCATTGAGCT-1,0
AACTCTTTCTCCTATA-1,0
AACTGGTAGACTTGAA-1,0
AACTGGTCATGCCTTC-1,0
AAGACCTAGAAGGGTA-1,0
AAGACCTTCGTCTGCT-1,0
AAGCCGCAGTGTACGG-1,0
AAGCCGCCACCCATGG-1,0
AAGCCGCCATTTGCTT-1,7
AAGCCGCGTTCAGCGC-1,0
AAGGAGCAGCAGCGTA-1,0
AAGGAGCAGTTAGCGG-1,0
AAGGCAGTCAAAGTAG-1,NA
AAGGTTCAGCAGGCTA-1,0
AAGGTTCAGGGCTTCC-1,6
AAGGTTCGTCTGCAAT-1,0
AAGGTTCTCCTTTCGG-1,4
AAGTCTGAGGCCGAAT-1,0
AAGTCTGGTCTGCAAT-1,NA
AATCCAGGTTATCGGT-1,NA
AATCCAGTCCGAATGT-1,0
AATCGGTAGATCCTGT-1,0
AATCGGTAGCACCGTC-1,0
AATCGGTGTTGGTGGA-1,0
AATCGGTTCAACGAAA-1,NA
AATCGGTTCGGCGGTT-1,6
ACACCAAGTGCCTGGT-1,6
ACACCAATCTCTGCTG-1,6
ACACCCTGTCAGAAGC-1,0
ACACTGAGTCCGTGAC-1,0
ACAGCCGAGCTGTCTA-1,6
ACAGCCGCAATAGCAA-1,6
ACAGCCGTCATGTCTT-1,0
ACAGCCGTCGTCACGG-1,0
ACAGCTAAGCCACGTC-1,0
ACAGCTACACGAAATA-1,6
ACAGCTACATTGGGCC-1,0
ACAGCTAGTGGCAAAC-1,0
ACAGCTAGTGTAAGTA-1,NA
ACAGCTATCCCTAATT-1,6
ACATACGCAGGGTATG-1,0
ACATACGGTCTGCGGT-1,0
ACATACGGTGTGACGA-1,0
ACATACGGTTGTACAC-1,0
ACATCAGAGGAGTTTA-1,0
ACATCAGAGGGATCTG-1,0
ACATCAGAGGGTTCCC-1,0
ACATCAGCATACTCTT-1,0
ACATGGTAGACTTTCG-1,4
ACATGGTAGATACACA-1,0
ACATGGTAGTGCCATT-1,6
ACATGGTTCATGTCTT-1,0
ACCAGTAGTAATTGGA-1,0
ACCCACTCACAAGTAA-1,0
ACCCACTGTGGGTCAA-1,0
ACCCACTGTTAAAGAC-1,0
ACCCACTGTTCCACGG-1,NA
ACCCACTGTTTGTGTG-1,8
ACCCACTTCGGTCCGA-1,0
ACCGTAAAGCCAGAAC-1,0
ACCGTAACATACGCCG-1,0
ACCTTTATCTGTCTAT-1,4
ACGAGCCAGCATCATC-1,7
ACGAGCCAGGCTACGA-1,NA
ACGAGCCCACAACGCC-1,6
ACGAGCCCATAGAAAC-1,0
ACGAGCCGTCGAGTTT-1,6
ACGAGGAAGGCTCTTA-1,0
ACGAGGATCTAACTCT-1,0
ACGATACAGAGTGAGA-1,0
ACGATACGTAGTAGTA-1,0
ACGATGTCATCCAACA-1,5
ACGATGTTCAGTGTTG-1,4
ACGATGTTCTCTGTCG-1,0
ACGCAGCAGTACGATA-1,3
ACGCAGCAGTCACGCC-1,4
ACGCAGCCACGAGGTA-1,4
ACGCAGCGTACAGTTC-1,5
ACGCCAGAGATCGATA-1,0
ACGCCAGTCAGCGACC-1,6
ACGCCGAAGGAGTAGA-1,0
ACGCCGAAGTTTAGGA-1,7
ACGCCGAGTCATATGC-1,0
ACGCCGATCCCATTTA-1,4
ACGGAGAAGAATTGTG-1,0
ACGGAGAAGCTCCTCT-1,6
ACGGAGATCCGCATCT-1,0
ACGGCCAAGAAGGCCT-1,0
ACGGCCAAGATCCCGC-1,0
ACGGCCACAATAGCAA-1,0
ACGGCCACAGGGAGAG-1,6
ACGGCCAGTAAGTTCC-1,0
ACGGCCATCTATCCCG-1,7
ACGGCCATCTCGCTTG-1,0
ACGGGCTTCGAGAGCA-1,0
ACGGGTCAGCTGATAA-1,0
ACGGGTCAGCTGCAAG-1,6
ACGGGTCAGTACTTGC-1,6
ACGGGTCCATGGGAAC-1,0
ACGTCAAAGCCACGTC-1,4
ACGTCAACAGATCGGA-1,0
ACGTCAACAGCGTCCA-1,6
ACGTCAAGTCTAGAGG-1,0
ACGTCAATCATCGATG-1,6
ACTATCTAGAGAACAG-1,6
ACTATCTCAGTGGGAT-1,0
ACTATCTGTATAGTAG-1,0
ACTATCTTCGTACCGG-1,0
ACTGAACAGCAACGGT-1,0
ACTGAACAGGGATGGG-1,4
ACTGAACCAAGTAGTA-1,0
ACTGAACGTGCGAAAC-1,0
ACTGATGCAATAGCGG-1,4
ACTGATGTCACTATTC-1,0
ACTGATGTCGGAAATA-1,6
ACTGATGTCTAACTGG-1,7
ACTGATGTCTGACCTC-1,0
ACTGCTCCAATCAGAA-1,4
ACTGCTCCATCAGTCA-1,7
ACTGCTCGTAGCCTCG-1,0
ACTGCTCGTGATAAGT-1,7
ACTGCTCTCTGTGCAA-1,0
ACTGTCCAGACGACGT-1,3
ACTGTCCAGATGCCTT-1,0
ACTGTCCGTATCAGTC-1,0
ACTTACTCAATAGCAA-1,0
ACTTACTCAGCTCGAC-1,0
ACTTACTGTGTTGGGA-1,7
ACTTGTTTCCACGCAG-1,0
ACTTTCACATTCCTGC-1,6
ACTTTCAGTAAGGGAA-1,4
ACTTTCATCAGATAAG-1,0
AGAATAGAGCGATTCT-1,4
AGAATAGTCCTGCCAT-1,6
AGAATAGTCTCAAACG-1,0
AGACGTTAGCTGGAAC-1,0
AGACGTTAGGTGTTAA-1,7
AGACGTTTCGCGCCAA-1,0
AGAGCGATCAGAGACG-1,0
AGAGCTTAGCTAACAA-1,0
AGAGCTTAGTGCCAGA-1,0
AGAGCTTGTGCTTCTC-1,3
AGAGCTTTCTCTAGGA-1,0
AGAGTGGCAAACAACA-1,0
AGAGTGGCAGACGCTC-1,0
AGAGTGGCATACCATG-1,7
AGAGTGGCATGCCTAA-1,6
AGAGTGGGTAGAGCTG-1,3
AGAGTGGGTCAGTGGA-1,0
AGAGTGGTCCGAGCCA-1,3
AGAGTGGTCTCAACTT-1,7
AGATCTGAGAAACGCC-1,0
AGATCTGAGATCACGG-1,0
AGATCTGCAAATACAG-1,6
AGATCTGCAAGGGTCA-1,0
AGATCTGTCACGCATA-1,0
AGATCTGTCCGCATCT-1,0
AGATTGCAGTGCCATT-1,7
AGATTGCCAAGCGAGT-1,7
AGATTGCGTAGCAAAT-1,0
AGCAGCCCAGACGTAG-1,0
AGCATACGTCGAACAG-1,0
AGCATACGTTCATGGT-1,0
AGCCTAAAGCACCGCT-1,0
AGCCTAACAAGACGTG-1,4
AGCCTAAGTTATCGGT-1,4
AGCGGTCAGTGTCCCG-1,NA
AGCGGTCCAGTCCTTC-1,0
AGCGGTCCATCACCCT-1,0
AGCGGTCGTCCGAAGA-1,0
AGCGGTCTCAGTTAGC-1,6
AGCGTATCAAACCTAC-1,0
AGCGTATCAAGTAATG-1,0
AGCGTATCACTAAGTC-1,6
AGCGTCGTCTGCGACG-1,6
AGCGTCGTCTTACCGC-1,6
AGCTCCTAGAGCCTAG-1,4
AGCTCCTAGCGTCAAG-1,0
AGCTCCTGTAGCGTGA-1,6
AGCTCCTGTCTAGGTT-1,7
AGCTCCTGTCTCATCC-1,0
AGCTCTCGTGACAAAT-1,0
AGGCCACAGAATTCCC-1,0
AGGCCACAGCCAGTTT-1,7
AGGCCGTAGTGTTTGC-1,0
AGGCCGTCACCCTATC-1,6
AGGCCGTCACTTCTGC-1,3
AGGCCGTGTAGTAGTA-1,6
AGGCCGTTCAAGATCC-1,0
AGGCCGTTCCGCGCAA-1,0
AGGGAGTAGGGAGTAA-1,4
AGGGAGTCATCACCCT-1,0
AGGGAGTCATGTTGAC-1,0
AGGGAGTGTGCAACGA-1,7
AGGGAGTTCGGTCTAA-1,NA
AGGGAGTTCTACGAGT-1,0
AGGGTGACACTACAGT-1,6
AGGGTGATCTGGAGCC-1,0
AGGGTGATCTTCCTTC-1,0
AGGTCATGTCTGCGGT-1,0
AGGTCATTCCGATATG-1,6
AGGTCCGAGGAGTACC-1,4
AGGTCCGGTGTTCTTT-1,6
AGGTCCGTCTGCAAGT-1,6
AGTAGTCAGCCACTAT-1,0
AGTAGTCCAACGATGG-1,NA
AGTAGTCGTGCAGTAG-1,0
AGTAGTCGTGCGCTTG-1,0
AGTCTTTAGGCTAGCA-1,6
AGTCTTTCAAACCTAC-1,7
AGTCTTTCAAGCCTAT-1,NA
AGTCTTTCACAAGTAA-1,0
AGTCTTTCACCAGGTC-1,0
AGTCTTTCACGCTTTC-1,0
AGTCTTTTCGACGGAA-1,3
AGTGAGGAGTGTACGG-1,0
AGTGAGGCAAGCCCAC-1,0
AGTGAGGCAGCTGTGC-1,5
AGTGGGACACTGTTAG-1,6
AGTGGGATCGCGATCG-1,0
AGTGTCAGTCTCGTTC-1,0
AGTTGGTCAGCTGGCT-1,4
AGTTGGTTCTGCCAGG-1,NA
ATAACGCGTCAAGCGA-1,0
ATAACGCGTCGTCTTC-1,NA
ATAACGCTCCCAAGTA-1,0
ATAAGAGCAAACCTAC-1,0
ATAAGAGGTAACGACG-1,NA
ATAAGAGGTAGCTAAA-1,0
ATCACGACATCGATTG-1,0
ATCACGAGTCGTTGTA-1,0
ATCACGATCTTAGAGC-1,0
ATCATGGTCGTCTGCT-1,0
ATCCACCGTGAAGGCT-1,0
ATCCGAAAGCGCCTTG-1,4
ATCCGAACACCCATGG-1,7
ATCCGAATCCGCATAA-1,0
ATCGAGTAGACCACGA-1,0
ATCGAGTAGATCCTGT-1,6
ATCGAGTCATAGGATA-1,0
ATCTACTAGGCCCGTT-1,0
ATCTACTAGGCCGAAT-1,0
ATCTACTAGGTGATAT-1,4
ATCTACTCAAAGGCGT-1,4
ATCTACTCAGACAAAT-1,0
ATCTACTCATGTAGTC-1,4
ATCTACTGTCGCATAT-1,0
ATCTACTGTTCTGAAC-1,0
ATCTGCCAGTGGTAGC-1,0
ATCTGCCAGTTGTCGT-1,NA
ATCTGCCGTTGATTGC-1,0
ATGAGGGAGGATTCGG-1,0
ATGCGATAGATATGGT-1,7
ATGCGATAGCACACAG-1,6
ATGCGATCACTATCTT-1,4
ATGCGATGTTGTCTTT-1,3
ATGCGATTCGTACCGG-1,0
ATGCGATTCTAAGCCA-1,0
ATGGGAGTCCTGCAGG-1,6
ATGGGAGTCGTTTAGG-1,NA
ATGGGAGTCTGTCAAG-1,6
ATGTGTGAGCCAGTAG-1,0
ATGTGTGCAACGATGG-1,6
ATGTGTGCATCACCCT-1,0
ATGTGTGGTCGAACAG-1,0
ATGTGTGTCAACGGCC-1,0
ATGTGTGTCGCTGATA-1,0
ATTACTCCATTCTCAT-1,6
ATTACTCTCAGCTCTC-1,0
ATTATCCAGATGGCGT-1,4
ATTATCCGTTTGTGTG-1,6
ATTCTACAGAGTACCG-1,0
ATTCTACAGGCCCTTG-1,0
ATTCTACCAAGTTGTC-1,0
ATTCTACCATGTTCCC-1,0
ATTCTACGTTTAGCTG-1,0
ATTGGACAGGTGACCA-1,0
ATTGGACCACCTCGTT-1,NA
ATTGGACCACTAAGTC-1,5
ATTGGACCATGGTAGG-1,5
ATTGGACGTCATCCCT-1,0
ATTGGACGTCTACCTC-1,0
ATTGGACGTGCACCAC-1,0
ATTGGACTCGCCATAA-1,NA
ATTGGACTCGTCTGCT-1,0
ATTGGTGAGAGGGATA-1,0
ATTTCTGTCTATCCCG-1,6
ATTTCTGTCTCAAACG-1,4
CAACCAACACTTCTGC-1,0
CAACCAACAGGTGGAT-1,0
CAACCAAGTAAATGTG-1,6
CAACCAAGTGCACGAA-1,4
CAACCAATCATGTGGT-1,0
CAACCTCCAATCGGTT-1,0
CAACCTCCATTCCTCG-1,0
CAACCTCGTCACCTAA-1,0
CAACCTCTCAAACAAG-1,0
CAACCTCTCCAATGGT-1,4
CAACCTCTCGGCGGTT-1,0
CAACCTCTCGTTTATC-1,4
CAACTAGAGAAAGTGG-1,4
CAACTAGAGAGAACAG-1,6
CAACTAGGTTGCTCCT-1,7
CAAGAAAAGATGCCAG-1,NA
CAAGATCCATGCAATC-1,4
CAAGATCGTCGCTTTC-1,0
CAAGATCGTTCAGCGC-1,0
CAAGATCGTTGGGACA-1,4
CAAGGCCAGCGTGTCC-1,0
CAAGGCCGTCATGCCG-1,3
CAAGGCCTCCGAAGAG-1,0
CAAGTTGGTATAGGTA-1,0
CAAGTTGGTCAGATAA-1,0
CAAGTTGTCACCCGAG-1,0
CACAAACAGAAACGAG-1,0
CACAAACCAGATGAGC-1,6
CACAAACCATGATCCA-1,0
CACACAACAGGTGGAT-1,0
CACACAACATAAGACA-1,3
CACACAAGTCACCTAA-1,4
CACACAAGTGCCTTGG-1,0
CACACAATCAAAGACA-1,6
CACACAATCCAAACTG-1,NA
CACACAATCGGAAATA-1,7
CACACCTAGTCAAGGC-1,4
CACACCTCAGGGAGAG-1,0
CACACCTGTCACCTAA-1,0
CACACCTTCACCTCGT-1,0
CACACCTTCTGACCTC-1,0
CACACTCGTAGTAGTA-1,0
CACACTCGTGAGTGAC-1,7
CACAGGCAGGGTGTGT-1,NA
CACAGGCAGTACATGA-1,0
CACAGGCAGTCCGGTC-1,0
CACAGGCCACACCGCA-1,0
CACAGGCCATGCCACG-1,0
CACAGTAAGAACAACT-1,6
CACAGTAAGTAGCGGT-1,4
CACAGTAGTCCATGAT-1,0
CACAGTATCAGCTCGG-1,6
CACAGTATCTTGTTTG-1,0
CACATAGGTACATCCA-1,6
CACATAGGTGATGTCT-1,7
CACATAGGTTAAGATG-1,0
CACATTTAGTGTCCCG-1,5
CACATTTCAGATCTGT-1,6
CACATTTCAGCCAGAA-1,0
CACATTTGTAAAGGAG-1,6
CACATTTTCTACTATC-1,4
CACCACTAGAGATGAG-1,0
CACCACTCAGTAGAGC-1,0
CACCACTTCCTCCTAG-1,0
CACCAGGAGTTACGGG-1,4
CACCTTGAGGACCACA-1,0
CACCTTGCAAGTTAAG-1,5
CACCTTGCACCGATAT-1,0
CACCTTGGTGATGTGG-1,0
CACCTTGGTGTAATGA-1,7
CACCTTGGTTCACGGC-1,7
CACTCCAAGGGCTTGA-1,0
CACTCCAGTACTTAGC-1,0
CACTCCATCTGCGACG-1,0
CAGAATCGTGAGGGAG-1,7
CAGAATCTCTGCTGCT-1,4
CAGAGAGCACCCTATC-1,0
CAGAGAGCATCCGGGT-1,6
CAGAGAGGTACCGTTA-1,0
CAGATCAGTCGCGTGT-1,0
CAGCAGCCAGTATGCT-1,0
CAGCAGCGTCCGAGTC-1,6
CAGCATAAGCTCCTTC-1,5
CAGCATAAGGCGCTCT-1,0
CAGCATAGTACCGTTA-1,4
CAGCATAGTCGAATCT-1,0
CAGCCGAAGAACTCGG-1,0
CAGCCGAAGCTGCCCA-1,6
CAGCCGAAGTGGGCTA-1,7
CAGCCGACACACCGCA-1,4
CAGCCGATCTCGCATC-1,6
CAGCGACCATACTCTT-1,0
CAGCGACCATTTGCTT-1,4
CAGCTAAAGAATTGTG-1,0
CAGCTAAAGCCAGGAT-1,0
CAGCTAATCACATGCA-1,6
CAGCTGGAGACTCGGA-1,6
CAGCTGGGTACGACCC-1,0
CAGCTGGTCCTGCAGG-1,6
CAGCTGGTCGCGATCG-1,0
CAGGTGCGTCGCGGTT-1,6
CAGGTGCGTTAGAACA-1,6
CAGGTGCTCACGCGGT-1,4
CAGTAACGTAGGCATG-1,0
CAGTAACGTCGAGATG-1,7
CAGTAACTCCGCATAA-1,6
CAGTAACTCCTCTAGC-1,0
CAGTAACTCGTCTGCT-1,6
CAGTCCTAGATACACA-1,0
CATATGGCACCTATCC-1,0
CATATGGGTGATGTCT-1,4
CATATGGGTGCCTGTG-1,0
CATATGGTCGTTACGA-1,6
CATATTCAGGGTGTGT-1,0
CATATTCGTCGAACAG-1,0
CATCAAGAGTCGTTTG-1,0
CATCAAGGTCCAAGTT-1,NA
CATCAGAAGCTATGCT-1,0
CATCAGACAAATACAG-1,0
CATCAGAGTATAATGG-1,0
CATCAGAGTCTAGGTT-1,0
CATCAGAGTTTGACAC-1,0
CATCAGATCTCCTATA-1,4
CATCCACAGAATGTGT-1,0
CATCCACAGCGTCTAT-1,7
CATCCACCATAGACTC-1,0
CATCCACCATTAGCCA-1,0
CATCCACGTCCCTTGT-1,4
CATCCACGTTGGTGGA-1,6
CATCGAAGTAGGAGTC-1,0
CATCGAAGTCGAATCT-1,5
CATCGAAGTTCCACAA-1,0
CATCGGGCATTATCTC-1,6
CATCGGGGTGGACGAT-1,5
CATCGGGTCCCTCTTT-1,7
CATGACACATGTTCCC-1,4
CATGACATCAGAAATG-1,0
CATGACATCAGCTCGG-1,0
CATGCCTAGGTCATCT-1,0
CATGCCTCACGAAACG-1,6
CATGGCGAGATATGCA-1,7
CATGGCGAGTATCGAA-1,0
CATGGCGGTTACAGAA-1,6
CATGGCGTCTATGTGG-1,4
CATTATCCAGCATGAG-1,0
CATTATCCATAACCTG-1,8
CATTCGCCAACTGCTA-1,0
CATTCGCCATGAGCGA-1,0
CCAATCCCACTTAACG-1,0
CCAATCCGTTCGGCAC-1,NA
CCAATCCTCTGCGACG-1,7
CCACCTAGTATAGTAG-1,0
CCACCTAGTGTGACGA-1,3
CCACGGAAGCGTAGTG-1,0
CCACGGAAGGGCTCTC-1,6
CCACGGACAAAGTCAA-1,0
CCACGGACAAATACAG-1,NA
CCACGGACACAGACAG-1,4
CCACGGACACAGCCCA-1,0
CCACGGACAGGTCGTC-1,6
CCACGGACAGTATCTG-1,4
CCACGGAGTGATGCCC-1,6
CCACGGATCCGAATGT-1,0
CCACGGATCCTAGTGA-1,3
CCACTACCAGGAATCG-1,0
CCACTACGTACCGTTA-1,6
CCACTACTCAGAGCTT-1,0
CCACTACTCCGCTGTT-1,0
CCAGCGAAGCGCTTAT-1,6
CCAGCGACATCCGCGA-1,4
CCAGCGAGTACAGTTC-1,6
CCAGCGATCTGCTGCT-1,0
CCATGTCAGACGCACA-1,0
CCATGTCGTTCCCTTG-1,0
CCATTCGGTAACGCGA-1,0
CCATTCGTCCCTAATT-1,0
CCCAATCTCAGGCCCA-1,6
CCCAATCTCCACGAAT-1,6
CCCAGTTAGAGGTAGA-1,4
CCGGGATAGGCTCTTA-1,6
CCGGGATCACCCTATC-1,0
CCGGGATCATCGATGT-1,0
CCGGGATCATTCACTT-1,4
CCGGTAGAGGGAACGG-1,6
CCGGTAGCACCAACCG-1,NA
CCGGTAGCAGTGACAG-1,0
CCGTACTCAGACGCTC-1,0
CCGTACTTCGGCTACG-1,0
CCGTGGAAGAGGACGG-1,0
CCGTGGAAGATCCTGT-1,0
CCGTGGAAGGTAGCCA-1,0
CCGTTCAAGCTGCGAA-1,0
CCGTTCATCAGTTGAC-1,3
CCGTTCATCCAGAGGA-1,0
CCTAAAGAGAAGATTC-1,4
CCTAAAGAGAAGGTGA-1,4
CCTAAAGGTCAGTGGA-1,5
CCTAAAGTCACGGTTA-1,6
CCTAAAGTCAGGATCT-1,0
CCTAAAGTCTAGAGTC-1,0
CCTACCAAGTGACATA-1,0
CCTACCAGTCGGCACT-1,0
CCTACCAGTGAGGCTA-1,0
CCTACCAGTGCCTTGG-1,NA
CCTACCAGTTCCGTCT-1,0
CCTACCATCAAGATCC-1,0
CCTACCATCAGAAATG-1,0
CCTACCATCTGGCGAC-1,7
CCTAGCTGTAAAGGAG-1,0
CCTAGCTGTTCGCTAA-1,4
CCTAGCTTCCGTTGCT-1,6
CCTATTATCTGGTATG-1,4
CCTCAGTAGTGTGGCA-1,0
CCTCAGTCATATGGTC-1,4
CCTCAGTGTAGTACCT-1,0
CCTCAGTGTGGTGTAG-1,0
CCTCTGACAAACAACA-1,0
CCTCTGACAGGCGATA-1,0
CCTCTGAGTGCTTCTC-1,6
CCTCTGATCGTCACGG-1,4
CCTTACGAGTATTGGA-1,0
CCTTACGAGTGCCAGA-1,0
CCTTACGCAGCTGTAT-1,5
CCTTCCCAGCGGCTTC-1,7
CCTTCCCAGTACTTGC-1,0
CCTTCGAAGACGCTTT-1,4
CCTTCGATCCATGAAC-1,5
CCTTTCTAGATGCGAC-1,4
CCTTTCTCAAACGTGG-1,0
CCTTTCTGTCTTCAAG-1,4
CCTTTCTTCCGTTGTC-1,0
CCTTTCTTCTCTGTCG-1,0
CGAACATAGGCTAGCA-1,4
CGAACATGTCTTGTCC-1,0
CGAACATGTGGGTATG-1,0
CGAACATTCGTTGACA-1,3
CGAATGTAGGGCATGT-1,0
CGAATGTCAGGCTCAC-1,0
CGAATGTTCCCATTAT-1,6
CGACCTTCATTTGCCC-1,4
CGACTTCGTTCTGGTA-1,4
CGACTTCTCGCCAAAT-1,0
CGAGAAGAGACTTTCG-1,0
CGAGAAGAGTCCGGTC-1,0
CGAGAAGGTACAGTTC-1,0
CGAGAAGGTCTAGAGG-1,0
CGAGAAGTCTAACCGA-1,7
CGAGCACAGACGCACA-1,6
CGAGCACAGTGGACGT-1,6
CGAGCACCATTGGTAC-1,8
CGAGCACTCCCATTAT-1,6
CGAGCACTCGCAGGCT-1,0
CGAGCCAAGAAGGCCT-1,0
CGAGCCACACAGACTT-1,7
CGATCGGCAAGAGTCG-1,0
CGATCGGCAGTTCCCT-1,0
CGATCGGGTCAGAAGC-1,0
CGATCGGGTGTGTGCC-1,0
CGATCGGTCAGAAATG-1,0
CGATCGGTCGCGGATC-1,NA
CGATGGCTCCCTAACC-1,0
CGATGTAAGTCTTGCA-1,7
CGATGTACACAGGTTT-1,0
CGATGTAGTATAAACG-1,0
CGATGTATCCACGACG-1,0
CGATGTATCTGGTTCC-1,0
CGATTGAGTAAAGTCA-1,0
CGATTGAGTATCAGTC-1,0
CGATTGAGTGAAAGAG-1,5
CGCCAAGAGGCGACAT-1,6
CGCCAAGTCGAACGGA-1,6
CGCGGTAAGCTGCCCA-1,0
CGCGGTAAGTATCGAA-1,0
CGCGGTACAGATGGGT-1,0
CGCGGTAGTTTGGGCC-1,0
CGCGGTATCACATGCA-1,0
CGCGGTATCCCAACGG-1,6
CGCGGTATCCGCTGTT-1,0
CGCGTTTCACAGGTTT-1,4
CGCGTTTGTGCTTCTC-1,7
CGCGTTTGTGGCTCCA-1,0
CGCGTTTTCAGTCCCT-1,0
CGCGTTTTCAGTTCGA-1,7
CGCGTTTTCCTGTACC-1,0
CGCGTTTTCGCATGGC-1,0
CGCTATCAGGGAACGG-1,0
CGCTATCCAAGTTGTC-1,3
CGCTATCGTGGTCTCG-1,0
CGCTATCGTTTGTTTC-1,0
CGCTGGAGTTATTCTC-1,0
CGCTTCAAGGGATCTG-1,0
CGCTTCATCCTCAACC-1,4
CGCTTCATCGCTGATA-1,0
CGCTTCATCTGCGGCA-1,0
CGCTTCATCTTGCAAG-1,0
CGGACACAGATAGTCA-1,0
CGGACACAGGTCGGAT-1,0
CGGACACGTACCGGCT-1,0
CGGACACGTCCCTACT-1,0
CGGACACGTTTCCACC-1,0
CGGACACTCACATACG-1,0
CGGACGTCAGGGATTG-1,0
CGGACGTGTCTAACGT-1,4
CGGACGTTCGATGAGG-1,NA
CGGACTGAGTCGATAA-1,4
CGGACTGCAGACTCGC-1,0
CGGACTGCAGGTGCCT-1,0
CGGACTGGTAGTAGTA-1,0
CGGACTGTCCTCAATT-1,NA
CGGAGCTAGCAATATG-1,3
CGGAGCTCATCGGAAG-1,0
CGGAGCTTCAACTCTT-1,0
CGGAGCTTCAGCGACC-1,NA
CGGAGCTTCAGTCAGT-1,6
CGGAGTCCATACGCTA-1,6
CGGAGTCCATTGTGCA-1,0
CGGAGTCGTACGCACC-1,0
CGGAGTCGTCAAAGAT-1,6
CGGAGTCTCAGGCCCA-1,0
CGGAGTCTCAGTTGAC-1,0
CGGCTAGAGTGGGATC-1,NA
CGGCTAGCACCAGTTA-1,6
CGGCTAGCAGGAATGC-1,0
CGGCTAGGTCTCTCGT-1,0
CGGCTAGGTTCGTGAT-1,7
CGGCTAGTCAACCATG-1,0
CGGCTAGTCACGACTA-1,0
CGGCTAGTCCTTTCTC-1,7
CGGCTAGTCTTGAGAC-1,4
CGGTTAAAGGGTCGAT-1,0
CGGTTAACACCAACCG-1,0
CGGTTAATCCATGAAC-1,0
CGTAGCGGTCGCTTTC-1,0
CGTAGCGGTGAAAGAG-1,4
CGTAGCGTCAAACCAC-1,6
CGTAGCGTCAGGTAAA-1,7
CGTAGCGTCTAACTCT-1,3
CGTAGGCAGTGGGTTG-1,0
CGTAGGCGTGCCTTGG-1,0
CGTCACTAGAACTCGG-1,0
CGTCACTAGAGCTTCT-1,6
CGTCACTCACGGATAG-1,4
CGTCACTTCAGTCAGT-1,0
CGTCAGGGTCTGCCAG-1,0
CGTCAGGGTGACTCAT-1,0
CGTCAGGGTTACGTCA-1,0
CGTCCATAGGCATGGT-1,0
CGTCCATGTCTACCTC-1,4
CGTCCATTCAAGCCTA-1,0
CGTCTACGTAAGCACG-1,0
CGTCTACGTACCAGTT-1,5
CGTGAGCAGGCTATCT-1,0
CGTGAGCCAATACGCT-1,0
CGTGAGCCAGATCCAT-1,0
CGTGTAAGTGAAATCA-1,6
CGTGTCTAGCCGCCTA-1,6
CGTGTCTGTCCAGTGC-1,0
CGTGTCTGTTCATGGT-1,0
CGTGTCTGTTCGCTAA-1,0
CGTGTCTTCAAAGACA-1,5
CGTGTCTTCAGGATCT-1,NA
CGTTAGACACACAGAG-1,0
CGTTCTGAGTACGTAA-1,6
CGTTCTGTCGGTGTTA-1,0
CGTTGGGCACCATCCT-1,6
CGTTGGGCAGGTGGAT-1,0
CGTTGGGGTGGAAAGA-1,0
CGTTGGGGTTTGTGTG-1,4
CGTTGGGTCATTATCC-1,0
CGTTGGGTCCGAACGC-1,0
CTAACTTCAAGGTTCT-1,0
CTAACTTCATGGAATA-1,0
CTAAGACAGAAACGCC-1,6
CTAAGACCACGTGAGA-1,0
CTAAGACGTGTAAGTA-1,6
CTAAGACTCATCGGAT-1,6
CTAATGGAGAGGGATA-1,0
CTAATGGCACATGTGT-1,6
CTAATGGCATATACCG-1,0
CTACACCAGTACCGGA-1,0
CTACACCCAGTACACT-1,0
CTACACCTCAAAGTAG-1,5
CTACACCTCCTCAACC-1,5
CTACATTTCAACTCTT-1,0
CTACATTTCGACAGCC-1,0
CTACATTTCTAACTTC-1,6
CTACCCACAGGGCATA-1,4
CTACGTCAGATGTTAG-1,0
CTACGTCAGGCAATTA-1,0
CTACGTCAGTGCTGCC-1,3
CTACGTCAGTTTAGGA-1,0
CTACGTCCAGCCACCA-1,0
CTACGTCGTGTGTGCC-1,4
CTAGAGTAGTACGCCC-1,0
CTAGAGTCAAAGGTGC-1,0
CTAGAGTGTGAGGGAG-1,NA
CTAGAGTTCACGCATA-1,6
CTAGAGTTCTGGGCCA-1,0
CTAGCCTTCGACAGCC-1,0
CTAGTGAAGCATCATC-1,0
CTAGTGAAGCCAGTTT-1,0
CTAGTGACATGGGAAC-1,4
CTAGTGATCGCATGAT-1,3
CTCACACAGCTCAACT-1,0
CTCACACTCCAAATGC-1,0
CTCAGAAAGTACGTTC-1,0
CTCAGAACAGCTCGAC-1,7
CTCAGAATCGCGCCAA-1,0
CTCATTACACACAGAG-1,6
CTCATTACAGGGTATG-1,6
CTCATTATCCCTGACT-1,0
CTCATTATCGGCATCG-1,0
CTCCTAGGTCCGAATT-1,0
CTCCTAGGTTCAGACT-1,5
CTCGAAATCTGAGTGT-1,6
CTCGAGGCATAAGACA-1,0
CTCGAGGGTGATGTCT-1,0
CTCGAGGGTTGTCTTT-1,0
CTCGAGGTCGCATGGC-1,4
CTCGGAGCATGCCTTC-1,0
CTCGGAGTCTTGTTTG-1,4
CTCGGGAAGCTAGTGG-1,0
CTCGGGACAGCCTGTG-1,0
CTCGGGACAGCGTAAG-1,5
CTCGGGACATGCTGGC-1,6
CTCGGGACATTTGCCC-1,5
CTCGGGAGTAACGTTC-1,7
CTCGGGATCACTCTTA-1,4
CTCGTACAGCAACGGT-1,0
CTCGTACGTGCCTGCA-1,0
CTCGTACGTGCTCTTC-1,0
CTCGTCAAGTGTACCT-1,0
CTCGTCACAGATCGGA-1,6
CTCGTCAGTAAGGATT-1,7
CTCGTCATCACGATGT-1,0
CTCGTCATCGCCTGAG-1,4
CTCGTCATCTGTCTAT-1,0
CTCTAATAGAAGGACA-1,3
CTCTAATCACCACGTG-1,6
CTCTAATCAGGCTGAA-1,6
CTCTAATGTCACCCAG-1,0
CTCTAATTCAGTTAGC-1,0
CTCTACGAGATGTAAC-1,0
CTCTACGCAATTCCTT-1,4
CTCTACGGTGGAAAGA-1,0
CTCTGGTCACCGAAAG-1,0
CTCTGGTTCTGAGTGT-1,0
CTGAAACAGCGGATCA-1,0
CTGAAACGTAACGTTC-1,0
CTGAAACGTCCGAAGA-1,6
CTGAAACTCACCCTCA-1,6
CTGAAGTCATACAGCT-1,0
CTGAAGTTCTTAACCT-1,0
CTGATAGAGTGTACTC-1,0
CTGATAGCAAAGAATC-1,0
CTGATAGCATGAACCT-1,0
CTGATCCCACCACCAG-1,0
CTGATCCTCCAGTAGT-1,0
CTGATCCTCGGTGTCG-1,0
CTGCCTACAATCTACG-1,0
CTGCCTACACAACGTT-1,0
CTGCCTATCAGTCCCT-1,4
CTGCCTATCTCAAACG-1,0
CTGCGGACAGTAAGCG-1,NA
CTGCGGACATGTCTCC-1,6
CTGCGGAGTATCACCA-1,0
CTGCGGAGTTAGATGA-1,7
CTGCGGATCAAGATCC-1,0
CTGCGGATCACTGGGC-1,4
CTGCGGATCCTCATTA-1,0
CTGCTGTAGTGAATTG-1,6
CTGCTGTCACCAGCAC-1,0
CTGCTGTCACGTAAGG-1,0
CTGCTGTGTATTCGTG-1,NA
CTGCTGTGTCACTTCC-1,4
CTGGTCTTCCTTGCCA-1,4
CTGTGCTAGGCAAAGA-1,3
CTGTGCTAGTAGCCGA-1,0
CTGTGCTGTTAAGGGC-1,NA
CTGTGCTTCGTTACGA-1,3
CTGTTTAAGACGCACA-1,4
CTGTTTAAGGGTTTCT-1,0
CTGTTTACACAGACTT-1,6
CTGTTTATCCACTCCA-1,4
CTTAACTCAGAGCCAA-1,0
CTTAACTGTAATTGGA-1,0
CTTACCGAGAATCTCC-1,0
CTTACCGAGACAATAC-1,0
CTTACCGCACCAGATT-1,0
CTTACCGCATCCAACA-1,6
CTTACCGGTTGAGGTG-1,0
CTTACCGTCACCATAG-1,0
CTTACCGTCTGCCAGG-1,6
CTTAGGAAGCTAGGCA-1,6
CTTAGGAAGTAAGTAC-1,6
CTTAGGAAGTAATCCC-1,0
CTTCTCTAGACCCACC-1,5
CTTCTCTAGTTGTAGA-1,0
CTTCTCTCATCACCCT-1,4
CTTCTCTGTTGGAGGT-1,0
CTTCTCTTCGCAAACT-1,0
CTTGGCTGTAGCTTGT-1,0
CTTGGCTTCCGCATCT-1,6
CTTTGCGGTGCCTGTG-1,0
CTTTGCGTCTCCAGGG-1,0
GAAACTCGTCAATACC-1,0
GAAACTCTCCCATTTA-1,6
GAAATGAAGTAGCCGA-1,0
GAAATGACATGGGACA-1,7
GAACATCCATTATCTC-1,0
GAACATCCATTCGACA-1,0
GAACATCGTATAGGGC-1,0
GAACATCGTGAGCGAT-1,4
GAACCTAAGATCGGGT-1,0
GAACGGAAGGACACCA-1,0
GAACGGAGTCAATGTC-1,0
GAACGGAGTTAAAGTG-1,0
GAACGGATCACCACCT-1,0
GAACGGATCGGAAACG-1,6
GAACGGATCTGAGGGA-1,6
GAACGGATCTGTTTGT-1,4
GAAGCAGCAATCACAC-1,6
GAAGCAGCACTTCTGC-1,6
GAAGCAGCAGCCTTGG-1,4
GAATAAGAGCCCTAAT-1,6
GAATAAGCATCCTAGA-1,0
GAATAAGCATTTGCTT-1,NA
GAATAAGGTCCTAGCG-1,5
GAATAAGTCTCGCATC-1,4
GAATAAGTCTCGTATT-1,0
GAATGAACAGCTTCGG-1,NA
GACACGCAGTGCTGCC-1,0
GACACGCGTAGAAAGG-1,NA
GACACGCGTCACAAGG-1,0
GACACGCGTGTGAAAT-1,6
GACACGCTCGGAGCAA-1,0
GACACGCTCTGCTTGC-1,0
GACAGAGAGCACAGGT-1,0
GACCAATAGACGACGT-1,4
GACCAATAGATGTGTA-1,6
GACCAATCAGCGTAAG-1,0
GACCAATTCACCGTAA-1,0
GACCTGGGTCATATCG-1,0
GACCTGGGTGTTTGTG-1,0
GACCTGGTCAGAGACG-1,0
GACGCGTAGTTATCGC-1,0
GACGCGTCAGTAAGAT-1,0
GACGCGTGTCCGACGT-1,0
GACGCGTTCAGTTAGC-1,0
GACGGCTCATGTTGAC-1,4
GACGTGCCACCGAATT-1,0
GACGTGCGTAAACCTC-1,3
GACTAACAGCCCAACC-1,4
GACTAACAGTGCGTGA-1,NA
GACTAACCATACTCTT-1,0
GACTAACTCCGAACGC-1,0
GACTACAGTCTAACGT-1,0
GACTACAGTTCGAATC-1,0
GACTGCGCAGTAAGCG-1,NA
GACTGCGTCCAAACAC-1,0
GAGCAGAGTACAGCAG-1,6
GAGGTGAAGCGATCCC-1,4
GAGTCCGAGGTAAACT-1,0
GAGTCCGCAACTGCGC-1,0
GAGTCCGTCTACCTGC-1,0
GATCAGTCAAAGGAAG-1,0
GATCAGTTCAGCGACC-1,0
GATCGATAGGCAGTCA-1,0
GATCGATCAGCGTTCG-1,0
GATCGATTCCTTAATC-1,4
GATCGATTCTTGTTTG-1,0
GATCGCGAGCCCAACC-1,6
GATCGCGGTTGCGCAC-1,0
GATCGCGTCACATACG-1,6
GATCGCGTCGGCGCAT-1,6
GATCGCGTCTAACTGG-1,4
GATCGTAGTGCACGAA-1,0
GATCTAGCATGACGGA-1,0
GATCTAGTCTGGCGTG-1,0
GATGAAACAATCGAAA-1,0
GATGAAAGTTCGTTGA-1,NA
GATGAAATCGCTTAGA-1,0
GATGAAATCTCGCATC-1,4
GATGAGGAGCCCGAAA-1,5
GATGAGGCAAGTTCTG-1,0
GATGAGGCACCCATGG-1,0
GATGAGGCACCTTGTC-1,0
GATGAGGCAGATCTGT-1,0
GATGAGGCAGCTCGCA-1,7
GATGAGGCATGCGCAC-1,6
GATGAGGCATTATCTC-1,6
GATGAGGCATTCTTAC-1,0
GATGAGGGTATTACCG-1,NA
GATGCTAGTTGAGGTG-1,0
GATTCAGAGGATGCGT-1,0
GATTCAGCACGAGAGT-1,0
GATTCAGCATCGATTG-1,0
GATTCAGGTACTTAGC-1,7
GATTCAGGTCTGATTG-1,0
GATTCAGTCGAACTGT-1,0
GCAAACTAGACCGGAT-1,0
GCAAACTAGGGAACGG-1,0
GCAAACTAGTTAGGTA-1,6
GCAAACTCAAGCTGTT-1,0
GCAAACTCAGCTATTG-1,0
GCAAACTTCTGATACG-1,0
GCAAACTTCTGCAGTA-1,4
GCAATCACAGACGCTC-1,0
GCAATCACAGGGTATG-1,0
GCAATCACAGTCACTA-1,0
GCAATCACATTACGAC-1,0
GCAATCAGTTGAGGTG-1,0
GCAATCATCAACGGCC-1,0
GCAATCATCACCAGGC-1,0
GCACATACAAGCCTAT-1,6
GCACATACAGGCTCAC-1,0
GCACATACAGGGTATG-1,5
GCACATACAGTATAAG-1,3
GCACATATCACTCTTA-1,0
GCACATATCCACGAAT-1,0
GCACTCTAGCGTTGCC-1,0
GCACTCTTCGGAGGTA-1,0
GCACTCTTCGTAGGAG-1,7
GCAGCCACACATGGGA-1,NA
GCAGCCATCAACACTG-1,6
GCAGTTACACTGTTAG-1,0
GCAGTTAGTCCAGTTA-1,0
GCAGTTAGTCTGCAAT-1,0
GCATACAAGGCAATTA-1,0
GCATACAAGTGCCATT-1,6
GCATACACACAACGTT-1,0
GCATACAGTCGAAAGC-1,0
GCATACAGTCGCGAAA-1,0
GCATACATCACCGTAA-1,0
GCATACATCCCGACTT-1,7
GCATACATCGCCCTTA-1,0
GCATGATAGGGAAACA-1,6
GCATGATGTTGGTGGA-1,5
GCATGATTCAGTTTGG-1,0
GCATGCGAGGCTACGA-1,0
GCATGCGAGTCTCCTC-1,6
GCATGCGCAAGGTTTC-1,0
GCATGCGCAATAAGCA-1,0
GCATGCGCATAAAGGT-1,0
GCATGCGGTCGATTGT-1,0
GCATGCGGTGGACGAT-1,0
GCATGTAAGGTGCTTT-1,6
GCATGTACATGCCACG-1,0
GCCAAATAGATATGCA-1,0
GCCAAATAGGGTCTCC-1,6
GCCAAATCAATAGAGT-1,6
GCCAAATGTGTTTGTG-1,4
GCCAAATTCCGAACGC-1,0
GCCAAATTCTGCTTGC-1,NA
GCCTCTAAGTAGCCGA-1,6
GCGACCACACTATCTT-1,0
GCGACCATCAGGTTCA-1,0
GCGAGAACAAGGGTCA-1,NA
GCGAGAACAGTCGTGC-1,0
GCGAGAATCAAGATCC-1,0
GCGAGAATCGGTTAAC-1,0
GCGAGAATCTTGCCGT-1,3
GCGCAACAGAGGGCTT-1,0
GCGCAACCAGTACACT-1,0
GCGCAACGTGTTCGAT-1,0
GCGCAGTCAGGCGATA-1,0
GCGCAGTGTAAAGGAG-1,0
GCGCAGTTCTCCAACC-1,7
GCGCCAAAGGACAGAA-1,0
GCGCCAATCAGAGCTT-1,4
GCGCGATGTGCAACGA-1,0
GCGGGTTCACCAACCG-1,0
GCGGGTTTCTCGATGA-1,0
GCGGGTTTCTGGCGTG-1,0
GCTCCTAAGGGCTTGA-1,4
GCTCCTAAGTGGCACA-1,0
GCTCCTACACGAAACG-1,3
GCTCCTACACGGTAAG-1,4
GCTCTGTAGGCTCATT-1,0
GCTCTGTAGTGTACTC-1,7
GCTCTGTTCCTATTCA-1,NA
GCTGCAGAGGTCGGAT-1,4
GCTGCAGCAAGCGATG-1,0
GCTGCAGGTTACTGAC-1,6
GCTGCAGTCGTCGTTC-1,6
GCTGCGAAGAATCTCC-1,0
GCTGCGAAGGATCGCA-1,0
GCTGCGAGTGCCTGCA-1,6
GCTGCTTAGATTACCC-1,7
GCTGCTTAGGCTACGA-1,0
GCTGCTTTCTTGACGA-1,0
GCTGGGTCAATAGAGT-1,4
GCTTCCAAGGACACCA-1,0
GCTTCCATCAAGGCTT-1,0
GCTTCCATCCAGAAGG-1,7
GCTTGAAAGCATCATC-1,0
GCTTGAACAGTCACTA-1,0
GCTTGAAGTATCTGCA-1,7
GGAAAGCGTAACGTTC-1,6
GGAAAGCTCTAACTGG-1,0
GGAACTTAGAAGGGTA-1,4
GGAACTTCATTGCGGC-1,0
GGAACTTGTTCGGCAC-1,0
GGAACTTTCAGCATGT-1,0
GGAATAAAGCTGCGAA-1,0
GGAATAATCAGTCAGT-1,4
GGACAAGAGCCCGAAA-1,0
GGACAAGAGCTGTTCA-1,0
GGACAAGCAAGTTCTG-1,4
GGACAAGCAGATCTGT-1,4
GGACAAGGTGCACCAC-1,0
GGACAGAAGACGCTTT-1,4
GGACAGAAGCTAAACA-1,0
GGACAGAAGGATATAC-1,0
GGACAGAAGGGTTCCC-1,0
GGACAGAGTAAGAGAG-1,7
GGACAGAGTATTCTCT-1,0
GGACATTCAGCTGCAC-1,0
GGAGCAAGTCGTCTTC-1,4
GGAGCAAGTCTTCGTC-1,0
GGAGCAAGTTTGACAC-1,6
GGAGCAATCATTGCGA-1,0
GGAGCAATCGCAAGCC-1,0
GGAGCAATCTTTACGT-1,6
GGATGTTAGAAACCTA-1,0
GGATGTTTCATGCATG-1,4
GGATTACAGAGAGCTC-1,0
GGCAATTGTCCGCTGA-1,0
GGCAATTGTGAGTATA-1,0
GGCAATTTCAACACTG-1,6
GGCAATTTCCGCATCT-1,0
GGCCGATCAGTACACT-1,0
GGCCGATGTCGCATCG-1,0
GGCGACTCACTCGACG-1,7
GGCGACTCATACGCCG-1,0
GGCGTGTCATGAACCT-1,6
GGCGTGTGTAGCCTAT-1,0
GGCGTGTGTGTGAATA-1,6
GGCGTGTTCATTGCCC-1,6
GGCTCGAAGCCAACAG-1,0
GGCTCGAAGGAGTACC-1,0
GGCTCGAGTCAATGTC-1,0
GGCTCGAGTTATGTGC-1,NA
GGCTGGTCATGCGCAC-1,4
GGCTGGTCATTGCGGC-1,0
GGCTGGTGTTTGACTG-1,0
GGCTGGTTCACCACCT-1,7
GGCTGGTTCGCAGGCT-1,0
GGGAATGCACTGTTAG-1,0
GGGAATGCATTGGGCC-1,0
GGGAATGCATTTCACT-1,6
GGGAATGTCCTACAGA-1,0
GGGACCTAGCGATTCT-1,0
GGGAGATGTATCTGCA-1,0
GGGATGACACAGGAGT-1,6
GGGATGACACAGTCGC-1,NA
GGGATGATCCAGAGGA-1,7
GGGCACTAGCGTAATA-1,0
GGGCACTCACCAGTTA-1,0
GGGCACTGTACAGCAG-1,NA
GGGTCTGAGATAGGAG-1,0
GGGTCTGAGTACGTAA-1,4
GGGTCTGCAGGACGTA-1,4
GGGTCTGGTGTTGAGG-1,0
GGGTCTGTCGACGGAA-1,0
GGGTCTGTCTCTGAGA-1,0
GGGTTGCAGGACAGAA-1,0
GGGTTGCAGGCTAGCA-1,7
GGGTTGCTCATGTCCC-1,NA
GGGTTGCTCTTTACAC-1,6
GGTATTGAGGGTGTTG-1,6
GGTATTGGTAAATGTG-1,0
GGTATTGGTGCGCTTG-1,0
GGTATTGTCAGAGGTG-1,0
GGTGAAGAGCGTTTAC-1,6
GGTGAAGGTTTAGGAA-1,0
GGTGCGTCACATGTGT-1,0
GGTGCGTGTGCATCTA-1,6
GGTGTTAAGATACACA-1,4
GGTGTTAAGCGTCTAT-1,0
GGTGTTAGTGCACTTA-1,7
GGTGTTATCGTTACAG-1,6
GTAACGTGTAAGGGCT-1,0
GTAACTGAGAATGTTG-1,0
GTAACTGAGAGGTTGC-1,0
GTAACTGGTAGGACAC-1,4
GTACGTAAGGTGCAAC-1,4
GTACTCCAGCTGGAAC-1,7
GTACTCCAGGTGTTAA-1,NA
GTACTCCAGTGTACGG-1,0
GTACTCCTCTTGCAAG-1,6
GTACTTTGTGACCAAG-1,0
GTACTTTTCCAAATGC-1,0
GTAGGCCAGGCCCGTT-1,6
GTAGGCCCAGACGTAG-1,NA
GTAGGCCTCTCGGACG-1,NA
GTAGTCAAGACACGAC-1,6
GTAGTCACATTTCACT-1,NA
GTAGTCAGTAACGTTC-1,0
GTATCTTAGTCCGTAT-1,NA
GTATCTTGTCCTAGCG-1,0
GTATCTTGTCTTGTCC-1,3
GTATCTTTCCAGGGCT-1,0
GTATTCTAGATACACA-1,6
GTATTCTAGCGTGAAC-1,0
GTATTCTAGGCCCTTG-1,0
GTATTCTCAAATCCGT-1,7
GTATTCTCACGGTAGA-1,0
GTCAAGTAGTAATCCC-1,5
GTCAAGTCACGCTTTC-1,NA
GTCACAACAGTCACTA-1,0
GTCACGGGTGTGACCC-1,8
GTCATTTCAGCCTGTG-1,0
GTCCTCAAGAAACGCC-1,0
GTCCTCAAGAGCTGGT-1,0
GTCCTCAAGATCCGAG-1,0
GTCCTCAAGTCAATAG-1,0
GTCCTCAGTCTTCAAG-1,0
GTCGGGTTCTAAGCCA-1,0
GTCGGGTTCTATGTGG-1,0
GTCGTAAAGAATTCCC-1,0
GTCGTAACAGACAAGC-1,4
GTCGTAAGTCGCGGTT-1,0
GTCTCGTAGACCACGA-1,0
GTCTCGTAGATGTGTA-1,7
GTCTCGTAGCGCCTTG-1,0
GTCTCGTAGCGTTTAC-1,0
GTCTCGTCATGCCACG-1,0
GTCTTCGGTATTCGTG-1,7
GTGAAGGCAGTTCATG-1,0
GTGAAGGGTAGTAGTA-1,NA
GTGAAGGGTATTAGCC-1,0
GTGAAGGGTCTCTCGT-1,4
GTGAAGGGTTTGTTGG-1,0
GTGAAGGTCGGTCTAA-1,0
GTGCAGCCAACAACCT-1,0
GTGCAGCCACGAAAGC-1,0
GTGCAGCCATATGGTC-1,0
GTGCAGCGTATTAGCC-1,0
GTGCAGCTCGCAGGCT-1,0
GTGCATACAATCGGTT-1,0
GTGCATAGTTGGTAAA-1,0
GTGCATATCAAGAAGT-1,0
GTGCGGTAGAGCAATT-1,6
GTGCTTCCAGGGATTG-1,NA
GTGCTTCGTAAGAGAG-1,0
GTGGGTCAGAAACGCC-1,NA
GTGGGTCAGCCGGTAA-1,0
GTGGGTCCACTAAGTC-1,0
GTGGGTCCATCACCCT-1,0
GTGGGTCCATGCCTTC-1,0
GTGTGCGCACGCCAGT-1,0
GTGTGCGGTTGGACCC-1,0
GTGTTAGAGCGCTCCA-1,4
GTGTTAGTCATTGCGA-1,0
GTGTTAGTCCGAAGAG-1,0
GTTAAGCAGACAAAGG-1,0
GTTAAGCCACCCTATC-1,0
GTTAAGCTCTGCTGTC-1,0
GTTACAGAGTCATCCA-1,4
GTTACAGTCCGTCATC-1,0
GTTCATTAGCCAACAG-1,0
GTTCATTCAATAGCGG-1,0
GTTCATTCACGTTGGC-1,6
GTTCATTTCGGTCTAA-1,6
GTTCATTTCGTCTGAA-1,7
GTTCGGGCAGACAGGT-1,0
GTTCGGGGTTGTACAC-1,4
GTTCTCGGTAATCACC-1,NA
GTTCTCGTCCCTAATT-1,6
GTTCTCGTCGCTAGCG-1,7
GTTTCTAAGCAATCTC-1,0
GTTTCTACAATGTTGC-1,0
GTTTCTACACCTTGTC-1,6
GTTTCTACAGCCACCA-1,NA
GTTTCTATCCTAAGTG-1,0
TAAACCGAGACGCAAC-1,0
TAAACCGGTATTCGTG-1,0
TAAACCGTCGACGGAA-1,6
TAAGAGAAGAGTCTGG-1,0
TAAGAGAAGCGTTGCC-1,0
TAAGAGATCGGCGGTT-1,0
TAAGCGTTCAATACCG-1,4
TACACGAAGCGATGAC-1,0
TACACGAGTTTGGGCC-1,0
TACAGTGAGGCCATAG-1,0
TACAGTGGTCTGCCAG-1,0
TACAGTGTCGTTGCCT-1,0
TACCTATAGCATCATC-1,0
TACCTATAGGAGCGTT-1,4
TACCTATCAAACTGTC-1,0
TACCTATGTACTTAGC-1,0
TACCTATTCAGTCCCT-1,0
TACCTATTCCTTTCGG-1,0
TACCTTAAGATCTGAA-1,4
TACCTTATCTGGTGTA-1,3
TACGGATAGCTCCTCT-1,0
TACGGGCGTCATATGC-1,3
TACGGTAAGCCGGTAA-1,0
TACGGTACAAAGGAAG-1,6
TACTCATAGCAATATG-1,0
TACTCATAGCCTCGTG-1,0
TACTCATCAGACGCAA-1,6
TACTCATGTCTAAAGA-1,0
TACTCGCAGCTAAGAT-1,0
TACTCGCAGTCACGCC-1,6
TACTCGCTCATGCAAC-1,6
TACTCGCTCTTGACGA-1,0
TACTTACAGGACACCA-1,0
TACTTACAGTAATCCC-1,0
TACTTACCAAAGTCAA-1,0
TACTTGTGTAATTGGA-1,0
TACTTGTGTCATTAGC-1,0
TACTTGTTCTGCGTAA-1,0
TAGACCACACTATCTT-1,0
TAGACCACATGGTAGG-1,0
TAGACCAGTATAAACG-1,0
TAGACCAGTGCAACTT-1,4
TAGACCATCGCCATAA-1,0
TAGAGCTAGACAGAGA-1,0
TAGAGCTGTTGGAGGT-1,4
TAGAGCTTCCACGTTC-1,6
TAGCCGGGTCCTAGCG-1,0
TAGCCGGGTGATGTGG-1,0
TAGCCGGTCACAGGCC-1,0
TAGGCATAGCGTAATA-1,0
TAGGCATCAGGGCATA-1,4
TAGGCATGTAGCTCCG-1,0
TAGGCATTCCAAGCCG-1,0
TAGTGGTAGTGACTCT-1,0
TAGTGGTCAGGCAGTA-1,0
TAGTGGTGTGTGAAAT-1,0
TAGTGGTTCAGTCAGT-1,0
TAGTTGGAGTGGGATC-1,0
TAGTTGGGTGGCTCCA-1,4
TAGTTGGGTGTGCGTC-1,0
TAGTTGGTCACTTCAT-1,6
TAGTTGGTCGTCGTTC-1,7
TATCAGGAGATTACCC-1,6
TATCAGGAGGCTAGGT-1,0
TATCAGGCAGGTCCAC-1,7
TATCAGGTCCCGACTT-1,5
TATCTCAAGGCATGGT-1,6
TATGCCCAGCGATGAC-1,0
TATTACCAGAGTAATC-1,0
TATTACCAGTTAAGTG-1,0
TATTACCCATCTGGTA-1,0
TCAACGAAGCGAGAAA-1,6
TCAACGAGTATATGAG-1,0
TCAACGAGTCGACTAT-1,0
TCAACGAGTTGGTTTG-1,6
TCAACGATCGTGGTCG-1,6
TCAATCTCACATCCGG-1,0
TCAATCTCAGCAGTTT-1,6
TCAATCTGTCTGGAGA-1,4
TCAATCTGTCTTCTCG-1,0
TCACAAGCAAACTGCT-1,0
TCACAAGCACAACGCC-1,0
TCACAAGTCAGGCAAG-1,0
TCACAAGTCCGTCATC-1,0
TCACAAGTCTACCTGC-1,4
TCACGAAAGCTAGCCC-1,6
TCACGAACAATAGCGG-1,4
TCACGAACAGCCACCA-1,0
TCACGAAGTCTAACGT-1,0
TCACGAATCACAACGT-1,6
TCAGATGCAAGTAATG-1,0
TCAGATGCACATCTTT-1,5
TCAGATGCATATGAGA-1,0
TCAGCAAGTTGCGTTA-1,4
TCAGCTCCAAGCGATG-1,7
TCAGCTCGTTTAAGCC-1,4
TCAGGATAGACATAAC-1,6
TCAGGATCATCCTTGC-1,0
TCAGGATGTCGCATAT-1,0
TCAGGTACACAACTGT-1,0
TCAGGTACACTACAGT-1,4
TCATTACAGAGGACGG-1,NA
TCATTACAGCGAGAAA-1,0
TCATTACCAAGAGGCT-1,0
TCATTACCAAGTACCT-1,7
TCATTACCATCCGGGT-1,0
TCATTACGTCCAGTGC-1,6
TCATTACGTGGGTATG-1,3
TCATTACTCGGTTCGG-1,0
TCATTTGAGTATTGGA-1,6
TCATTTGGTCCGTTAA-1,0
TCATTTGGTGCGGTAA-1,0
TCATTTGGTTTGTGTG-1,NA
TCCACACAGGCATGGT-1,6
TCCACACCACTGTCGG-1,6
TCCACACCAGCTGGCT-1,4
TCCCGATAGAGTCGGT-1,0
TCCCGATAGATGGGTC-1,4
TCCCGATTCACGAAGG-1,7
TCCCGATTCGGACAAG-1,0
TCGAGGCTCAACACTG-1,0
TCGCGAGGTTCAGGCC-1,0
TCGCGAGTCCAAACAC-1,NA
TCGCGTTAGAGTAATC-1,6
TCGCGTTCAACACCCG-1,0
TCGCGTTTCCTGTAGA-1,6
TCGGGACAGCGTTTAC-1,0
TCGGGACAGTGACTCT-1,0
TCGGGACGTAGCGTAG-1,6
TCGGGACTCGTCCAGG-1,0
TCGGTAACATCGATTG-1,0
TCGGTAATCCATTCTA-1,0
TCGGTAATCGCTTAGA-1,0
TCGGTAATCTCTGTCG-1,4
TCGTACCAGATAGTCA-1,0
TCGTACCTCAAAGACA-1,6
TCGTAGACAGGGTATG-1,6
TCGTAGATCCGTAGTA-1,0
TCGTAGATCTGGGCCA-1,0
TCTATTGGTTTAGCTG-1,0
TCTCATACAAAGCGGT-1,5
TCTCATAGTACGACCC-1,4
TCTCTAAAGCTGCGAA-1,0
TCTCTAACATATACCG-1,0
TCTCTAAGTCATGCCG-1,0
TCTCTAAGTTGAACTC-1,7
TCTCTAATCCGGCACA-1,7
TCTGAGAGTACGAAAT-1,0
TCTGAGAGTCATGCAT-1,0
TCTGAGAGTTTACTCT-1,0
TCTGAGATCGCGTTTC-1,NA
TCTGAGATCGGAGGTA-1,0
TCTTCGGAGTAGCGGT-1,6
TCTTCGGCAGATGAGC-1,6
TCTTCGGTCCGAACGC-1,0
TCTTCGGTCCTACAGA-1,6
TCTTTCCAGAAGCCCA-1,0
TCTTTCCGTATGAAAC-1,0
TGAAAGAGTGCCTTGG-1,6
TGAAAGATCCCATTAT-1,6
TGAAAGATCGAGCCCA-1,5
TGACGGCAGTGCAAGC-1,4
TGACGGCCACAGACTT-1,0
TGACTAGCACGCATCG-1,0
TGACTAGGTCATCCCT-1,6
TGACTAGTCTACTATC-1,0
TGACTTTAGATGGGTC-1,0
TGACTTTAGCGTCAAG-1,0
TGAGAGGAGGCACATG-1,0
TGAGAGGGTACCATCA-1,NA
TGAGAGGGTGCTGTAT-1,0
TGAGAGGGTTAAAGTG-1,6
TGAGCATCAGGCTCAC-1,0
TGAGCATGTCACTGGC-1,0
TGAGCATGTTATTCTC-1,0
TGAGCCGAGTTGTAGA-1,0
TGAGCCGGTTGTGGCC-1,0
TGAGCCGGTTTAAGCC-1,8
TGAGGGACACACCGAC-1,0
TGATTTCAGCTAACTC-1,0
TGCACCTAGAGTGAGA-1,0
TGCACCTAGGGTATCG-1,0
TGCACCTGTCACACGC-1,0
TGCCAAACAAGAAAGG-1,0
TGCCAAATCAGTTGAC-1,0
TGCCCATTCCGATATG-1,4
TGCCCATTCTAACCGA-1,0
TGCCCTAGTCCGTCAG-1,0
TGCCCTAGTTAAAGAC-1,0
TGCCCTATCTGCCCTA-1,7
TGCGCAGAGCAAATCA-1,4
TGCGCAGGTGAAAGAG-1,0
TGCGCAGGTTTACTCT-1,0
TGCGCAGTCGTCCGTT-1,0
TGCGGGTAGAAACGAG-1,NA
TGCGGGTCAGGTCGTC-1,4
TGCGGGTTCTGAAAGA-1,3
TGCGTGGCAAGTACCT-1,0
TGCGTGGGTCCATGAT-1,0
TGCGTGGTCTTTAGTC-1,6
TGCTACCAGAGGGATA-1,6
TGCTACCAGTACATGA-1,6
TGCTACCCAAAGGCGT-1,0
TGCTACCGTAGAGTGC-1,6
TGCTACCTCCCTTGTG-1,6
TGCTGCTAGATGCCAG-1,0
TGCTGCTAGTTAGCGG-1,0
TGCTGCTCACTTAACG-1,0
TGCTGCTTCCCACTTG-1,6
TGGACGCAGCTGAACG-1,0
TGGACGCCAGCAGTTT-1,0
TGGACGCGTTGTTTGG-1,0
TGGACGCTCTAACTTC-1,6
TGGCGCACAACTGGCC-1,4
TGGCTGGCATAGTAAG-1,0
TGGCTGGGTAAGTGGC-1,0
TGGCTGGTCCACGAAT-1,0
TGGCTGGTCTACTTAC-1,0
TGGGAAGCACATTCGA-1,6
TGGGAAGGTAGCTGCC-1,7
TGGGCGTGTTATGTGC-1,0
TGGTTAGAGCGTAGTG-1,7
TGGTTAGAGGTGCACA-1,0
TGGTTAGAGTTCGATC-1,6
TGGTTAGCAGTATCTG-1,0
TGGTTAGGTAGAGCTG-1,0
TGGTTAGGTTTGACAC-1,0
TGGTTAGTCCAGATCA-1,0
TGGTTCCTCAATACCG-1,0
TGGTTCCTCTAACGGT-1,6
TGTATTCCATCCGGGT-1,6
TGTATTCCATTGGCGC-1,5
TGTATTCGTACATCCA-1,6
TGTATTCTCCAAACAC-1,7
TGTATTCTCTCGAGTA-1,NA
TGTCCCAAGAGGTAGA-1,0
TGTCCCAAGTGTACCT-1,0
TGTCCCACACTTCTGC-1,4
TGTCCCAGTTACGCGC-1,6
TGTCCCATCAGAGCTT-1,0
TGTGGTACAAAGGAAG-1,0
TGTGGTACACATTTCT-1,4
TGTGGTACAGTATAAG-1,0
TGTGGTAGTAATTGGA-1,0
TGTGGTAGTATCGCAT-1,0
TGTGTTTGTCAGTGGA-1,0
TGTGTTTGTGATGCCC-1,NA
TGTTCCGTCTATCCTA-1,5
TTAACTCGTTCACGGC-1,0
TTAACTCGTTCTGTTT-1,7
TTAGGACAGCCCAACC-1,4
TTAGGACAGGAATGGA-1,0
TTAGGACCACGGATAG-1,4
TTAGGACCATCCCACT-1,0
TTAGGACCATGACATC-1,0
TTAGGACTCAACCAAC-1,0
TTAGGCACATCAGTAC-1,0
TTAGGCAGTAAGTGGC-1,0
TTAGGCATCAGCTCTC-1,0
TTAGGCATCGGTCTAA-1,0
TTAGTTCCAATACGCT-1,0
TTAGTTCGTCTAGGTT-1,0
TTATGCTAGATCACGG-1,4
TTATGCTAGTGACTCT-1,0
TTATGCTGTCCGTTAA-1,6
TTCCCAGAGCTAGCCC-1,0
TTCCCAGGTCGAACAG-1,0
TTCGAAGAGTGTACCT-1,0
TTCGGTCCAAAGTGCG-1,4
TTCTACAAGACATAAC-1,0
TTCTACAAGGTCGGAT-1,6
TTCTACACAAGGTGTG-1,0
TTCTACACAGAGCCAA-1,0
TTCTACACATCCAACA-1,0
TTCTACAGTTACCGAT-1,4
TTCTCAAAGAACTGTA-1,7
TTCTTAGCATGTTGAC-1,7
TTCTTAGGTACAGTGG-1,0
TTCTTAGTCGTTGCCT-1,0
TTCTTAGTCTCGGACG-1,0
TTGAACGAGAATCTCC-1,6
TTGAACGAGGACGAAA-1,0
TTGAACGCACAACGTT-1,0
TTGAACGCAGCTCGAC-1,0
TTGAACGCATTGCGGC-1,0
TTGAACGTCACTATTC-1,0
TTGAACGTCGTAGGTT-1,6
TTGACTTCAATCGAAA-1,0
TTGACTTGTCGGATCC-1,6
TTGACTTGTGATGTGG-1,6
TTGACTTTCTTAGAGC-1,0
TTGCCGTAGCTACCTA-1,4
TTGCCGTCACTACAGT-1,0
TTGCCGTGTAGGCATG-1,4
TTGCCGTGTCAATACC-1,NA
TTGCGTCAGTTAGGTA-1,6
TTGCGTCCATCACGAT-1,0
TTGCGTCCATTCACTT-1,NA
TTGCGTCGTGGAAAGA-1,6
TTGCGTCTCACGATGT-1,0
TTGCGTCTCTATCCCG-1,0
TTGGAACAGTTTAGGA-1,6
TTGGAACGTACCGTAT-1,0
TTGGAACGTCCTCTTG-1,0
TTGGAACGTTCACCTC-1,0
TTGGAACGTTCACGGC-1,6
TTGGCAACAGCCTGTG-1,0
TTGGCAACAGGGATTG-1,6
TTGGCAACATTACCTT-1,0
TTGGCAAGTAAGTAGT-1,8
TTGGCAAGTCCCTACT-1,6
TTGGCAATCTGCTGCT-1,4
TTGTAGGAGACGACGT-1,0
TTGTAGGAGGAGCGAG-1,6
TTGTAGGCAAACGTGG-1,6
TTGTAGGTCTGCTGTC-1,0
TTTACTGAGTACGACG-1,0
TTTACTGCACGCCAGT-1,6
TTTACTGGTTCGGCAC-1,NA
TTTACTGTCATTCACT-1,0
TTTACTGTCGTCGTTC-1,6
TTTATGCAGACAAGCC-1,0
TTTATGCCAGCATACT-1,0
TTTATGCTCAAACCAC-1,6
TTTCCTCAGGAGTACC-1,6
TTTCCTCCAAGAAAGG-1,0
TTTCCTCCAATCGAAA-1,3
TTTCCTCCACTAGTAC-1,0
TTTCCTCCATCACCCT-1,0
TTTCCTCGTACCTACA-1,4
TTTCCTCGTTAAGACA-1,4
TTTCCTCTCCACGACG-1,0
TTTGCGCCAGGTTTCA-1,NA
TTTGCGCGTCGCATAT-1,6
TTTGCGCTCACCTTAT-1,5
TTTGGTTAGACTGTAA-1,0
TTTGGTTCAAGACACG-1,6
TTTGGTTTCAGGCAAG-1,0
TTTGTCACATACGCCG-1,0
AAACCTGCAGGCTGAA-2,1
AAACCTGTCTTGTATC-2,2
AAACGGGAGATGTTAG-2,1
AAAGATGAGCCCTAAT-2,2
AAAGATGAGCTGCAAG-2,4
AAAGATGGTAGAGCTG-2,2
AAAGTAGGTCAGCTAT-2,2
AAAGTAGTCAGTTAGC-2,2
AAATGCCAGGCTCATT-2,1
AAATGCCCAATAGCAA-2,4
AAATGCCTCAACACGT-2,4
AAATGCCTCCCATTAT-2,3
AAATGCCTCTCCGGTT-2,4
AACACGTAGTGGTAAT-2,2
AACACGTCAGATGGGT-2,2
AACGTTGGTAAAGGAG-2,1
AACTCAGTCAAACGGG-2,2
AACTCTTCATGCTGGC-2,1
AACTGGTAGCCACTAT-2,2
AACTGGTCAAGTTAAG-2,4
AACTTTCGTCAACATC-2,2
AAGACCTGTATATGAG-2,4
AAGCCGCAGACAGACC-2,5
AAGCCGCCAGCCTTTC-2,NA
AAGCCGCGTGCTCTTC-2,1
AAGCCGCGTGGTACAG-2,4
AAGCCGCGTTGAACTC-2,1
AAGCCGCTCAATACCG-2,2
AAGGTTCGTAGCGTCC-2,2
AAGTCTGAGGGTCGAT-2,4
AAGTCTGAGTATGACA-2,2
AATCCAGCACACCGAC-2,1
AATCGGTGTCCGACGT-2,2
ACACCAACACTTACGA-2,2
ACACCCTAGGTGCACA-2,8
ACACCCTCAAGTAGTA-2,2
ACACCGGGTTACGGAG-2,2
ACAGCCGAGGCACATG-2,2
ACAGCCGGTATTCGTG-2,2
ACATCAGTCAAAGACA-2,2
ACATCAGTCTCATTCA-2,2
ACATGGTAGCAGGCTA-2,2
ACCAGTACATTACGAC-2,4
ACCCACTAGTTAACGA-2,1
ACCCACTGTTTGACTG-2,3
ACCGTAATCTCGGACG-2,1
ACCTTTAGTAAGGATT-2,2
ACCTTTAGTGTCAATC-2,2
ACGAGCCGTCAACATC-2,1
ACGAGCCTCACTCTTA-2,2
ACGAGCCTCATGCTCC-2,4
ACGAGGAGTCAGTGGA-2,3
ACGAGGATCTTCGAGA-2,1
ACGATACAGAGCTATA-2,3
ACGCAGCGTCTGCGGT-2,2
ACGCAGCGTTCAGCGC-2,1
ACGCAGCTCCTTTACA-2,2
ACGCCAGCAGTGACAG-2,2
ACGCCGAAGTGGTAAT-2,2
ACGCCGACACGACTCG-2,1
ACGCCGACATGTCTCC-2,2
ACGGAGATCAACACTG-2,2
ACGGAGATCCATGAAC-2,2
ACGGGCTGTAAACGCG-2,2
ACGGGCTGTTCGTTGA-2,4
ACGGGCTTCTTACCTA-2,2
ACGGGTCCACGTCTCT-2,NA
ACTATCTGTTGATTGC-2,1
ACTATCTTCACAACGT-2,4
ACTGAGTTCACTCTTA-2,3
ACTGAGTTCTCGTATT-2,1
ACTGATGCATGCATGT-2,2
ACTGATGGTAGCTCCG-2,1
ACTGCTCAGACAAAGG-2,4
ACTGCTCAGGCATGTG-2,2
ACTGCTCTCCATGCTC-2,3
ACTTACTAGGATCGCA-2,4
ACTTGTTTCCAGATCA-2,2
ACTTTCACACACATGT-2,3
AGAATAGTCAAAGACA-2,4
AGATCTGCAGGTCCAC-2,4
AGATTGCCACGTAAGG-2,1
AGATTGCTCCAAGCCG-2,1
AGATTGCTCTTACCTA-2,1
AGCAGCCGTGCGAAAC-2,8
AGCAGCCGTGCGGTAA-2,2
AGCATACAGTCGTTTG-2,2
AGCCTAAAGGAGTTTA-2,1
AGCCTAATCACTATTC-2,4
AGCGGTCAGCCTTGAT-2,2
AGCGGTCCATCGATTG-2,3
AGCGGTCTCGACGGAA-2,2
AGCGTATCACATTAGC-2,1
AGCGTATGTGATGTCT-2,4
AGCGTATTCAGCAACT-2,2
AGCTCCTAGGCCCTTG-2,1
AGCTCCTCAAACAACA-2,2
AGCTCCTGTTTAGGAA-2,3
AGCTCTCTCCAAAGTC-2,2
AGCTTGAAGATGGCGT-2,4
AGCTTGAAGGCTAGGT-2,2
AGCTTGATCCTGTACC-2,2
AGCTTGATCCTTTCGG-2,2
AGGCCACAGTGAACGC-2,NA
AGGCCGTAGGGAGTAA-2,2
AGGCCGTGTTCCCGAG-2,2
AGGGAGTCACCATCCT-2,2
AGGGATGTCTATCCTA-2,1
AGGGTGATCGCCGTGA-2,2
AGGTCATGTAAGGGCT-2,2
AGGTCCGGTAGCACGA-2,2
AGTCTTTTCAATACCG-2,4
AGTCTTTTCCGTAGGC-2,2
AGTGAGGCAGCTGTGC-2,3
AGTGGGAAGGCACATG-2,2
AGTGGGAGTTCCGGCA-2,2
AGTGTCATCGAATGCT-2,5
AGTTGGTTCACCCTCA-2,2
ATAACGCAGTCTCAAC-2,4
ATAACGCTCACTTACT-2,4
ATAAGAGGTTCCGGCA-2,4
ATAGACCGTGTATGGG-2,2
ATAGACCTCTATCCTA-2,3
ATAGACCTCTCTAGGA-2,3
ATCACGAGTGTCGCTG-2,3
ATCATCTTCCACGCAG-2,2
ATCATGGGTCCAGTGC-2,2
ATCCGAACAGGCTGAA-2,1
ATCGAGTAGTTCGATC-2,4
ATCGAGTCAATAGCGG-2,4
ATCTACTAGAAGCCCA-2,4
ATCTACTTCTTATCTG-2,2
ATCTGCCCAACTGCGC-2,1
ATGCGATGTGTTTGGT-2,4
ATGCGATTCAGTCAGT-2,2
ATGGGAGTCTGTTGAG-2,4
ATTATCCCACTGTCGG-2,2
ATTCTACAGAGGTACC-2,4
ATTCTACGTGGGTCAA-2,3
ATTCTACTCAGAGGTG-2,2
ATTGGACGTGAAATCA-2,2
ATTGGTGAGCTGGAAC-2,1
CAACCAAAGAATGTGT-2,2
CAACTAGAGCTGCGAA-2,4
CAACTAGCACGGATAG-2,1
CAAGGCCGTGTTGGGA-2,4
CAAGTTGAGCCTCGTG-2,2
CAAGTTGTCCTTTCTC-2,4
CACAAACGTAGCTCCG-2,1
CACACAAGTCCGAGTC-2,3
CACACCTCACCAACCG-2,2
CACACTCGTCCTAGCG-2,2
CACACTCTCAATCACG-2,2
CACAGGCCAGATGGCA-2,1
CACATAGAGCAACGGT-2,2
CACATAGAGGTGCAAC-2,8
CACATTTAGTGTCCCG-2,5
CACATTTTCTTGGGTA-2,3
CACCACTAGGTGTGGT-2,1
CACCACTAGTCCGTAT-2,3
CACCACTCACATCCGG-2,2
CACCACTGTCCTAGCG-2,2
CACCACTGTGTCGCTG-2,1
CACCTTGCAGACGCAA-2,1
CACCTTGGTATATGAG-2,2
CACTCCATCAATCACG-2,1
CAGAATCAGTACGACG-2,2
CAGAGAGGTCCGACGT-2,2
CAGAGAGTCTGAGGGA-2,2
CAGATCAAGTGGAGAA-2,1
CAGATCATCTGAGGGA-2,2
CAGCAGCGTAGAAGGA-2,2
CAGCCGAAGACTTTCG-2,3
CAGCGACAGACTCGGA-2,2
CAGCTAAGTACCAGTT-2,8
CAGCTAATCAATACCG-2,2
CAGCTAATCACTATTC-2,1
CAGCTAATCCTTTCTC-2,1
CAGCTAATCTCCAACC-2,2
CAGGTGCCAGTGGAGT-2,2
CAGTCCTAGAAAGTGG-2,4
CAGTCCTAGATTACCC-2,2
CAGTCCTGTGGAAAGA-2,2
CAGTCCTGTGGTCCGT-2,2
CATATTCCAATCACAC-2,1
CATCAGAAGCCAGAAC-2,3
CATCCACCAGCCTTGG-2,4
CATCCACGTAGCCTAT-2,2
CATCGGGCACTAGTAC-2,1
CATGACACACAACGTT-2,2
CATGACACAGGTGCCT-2,1
CATGACAGTGTCCTCT-2,5
CATGACATCTCTTATG-2,4
CATGCCTAGACACGAC-2,1
CATGCCTCACTGTCGG-2,1
CATGCCTTCGCATGGC-2,3
CATGGCGAGACGCTTT-2,2
CATTCGCCAATACGCT-2,4
CATTCGCGTACAAGTA-2,4
CCAATCCAGGTTCCTA-2,8
CCAATCCTCATACGGT-2,2
CCACCTAGTAGAAAGG-2,2
CCACCTATCACGACTA-2,2
CCACGGAAGAACTCGG-2,2
CCACGGATCGGCGCAT-2,3
CCAGCGACACATAACC-2,1
CCAGCGATCATCTGCC-2,2
CCATGTCGTACCCAAT-2,1
CCATGTCTCAGTCCCT-2,3
CCATTCGAGTCGATAA-2,2
CCATTCGCAAGCTGAG-2,4
CCATTCGCACTATCTT-2,2
CCCAATCGTTACCAGT-2,2
CCCAGTTGTCCTCCAT-2,1
CCCAGTTTCATACGGT-2,2
CCCTCCTTCAACACAC-2,1
CCGGGATCAGACGTAG-2,2
CCGGGATGTAAGCACG-2,2
CCGTACTCAATCTGCA-2,2
CCGTACTGTGCCTTGG-2,2
CCGTGGAGTGGTGTAG-2,2
CCTACACCATATACCG-2,2
CCTACCATCTTATCTG-2,2
CCTAGCTAGAAACGAG-2,1
CCTAGCTCAATAGCGG-2,1
CCTCAGTAGCGATTCT-2,1
CCTCAGTGTTAGGGTG-2,2
CCTCAGTTCGGAGGTA-2,1
CCTCTGAAGGCTACGA-2,1
CCTCTGAAGTTCGCAT-2,2
CCTTACGTCTCCGGTT-2,2
CCTTCCCTCGTGGGAA-2,5
CCTTCGACAAGCTGGA-2,1
CCTTTCTCAAGACGTG-2,8
CGAACATAGAACAATC-2,4
CGAACATGTGTGACGA-2,4
CGAACATTCTTCGAGA-2,3
CGAATGTAGACAAAGG-2,3
CGACCTTCACGAGGTA-2,4
CGAGAAGAGAGCTATA-2,2
CGAGAAGAGCTAGGCA-2,1
CGAGAAGTCTCTGTCG-2,3
CGAGCACCAAAGGCGT-2,2
CGAGCCACACGCTTTC-2,2
CGAGCCACATCAGTCA-2,2
CGAGCCACATCGACGC-2,2
CGAGCCATCCAGATCA-2,1
CGATCGGAGCTAGTTC-2,3
CGATCGGGTACCATCA-2,2
CGATGGCCAATAAGCA-2,4
CGATGGCCACCCAGTG-2,2
CGATGTAAGTCAAGGC-2,8
CGATGTATCCGTCATC-2,8
CGCCAAGAGACACGAC-2,2
CGCCAAGAGCGCTTAT-2,1
CGCCAAGAGGCTCAGA-2,2
CGCCAAGCACGGCCAT-2,1
CGCCAAGGTTGTTTGG-2,3
CGCTATCAGTCTTGCA-2,2
CGCTGGACATTCCTCG-2,2
CGGACACAGCTGTTCA-2,3
CGGACTGAGATGGGTC-2,2
CGGACTGTCAATCACG-2,4
CGGACTGTCCTCAATT-2,3
CGGAGCTCAGCCAATT-2,2
CGGCTAGTCTCGTATT-2,4
CGGGTCAAGACAAAGG-2,2
CGGGTCACACATTAGC-2,4
CGGGTCACAGCCAGAA-2,1
CGGGTCAGTCGGATCC-2,4
CGGTTAAAGCTAACAA-2,1
CGTAGCGGTGAGGCTA-2,2
CGTAGGCAGAGTTGGC-2,4
CGTAGGCAGGTGTTAA-2,1
CGTAGGCAGTGGTAGC-2,2
CGTAGGCCAGATGGGT-2,8
CGTAGGCGTACCTACA-2,2
CGTCCATGTCACCCAG-2,4
CGTCTACCACTAGTAC-2,2
CGTCTACGTACCAGTT-2,3
CGTGTAAGTACCAGTT-2,2
CGTGTAAGTTCGAATC-2,2
CGTGTCTCAAACGCGA-2,8
CGTGTCTTCAAAGACA-2,3
CGTGTCTTCTGCGTAA-2,3
CGTGTCTTCTTTAGTC-2,4
CGTTAGAGTAATCGTC-2,1
CGTTAGATCTTCGAGA-2,1
CGTTAGATCTTTAGGG-2,1
CGTTCTGGTTACGGAG-2,2
CTAACTTAGATGGCGT-2,2
CTAACTTTCCTGCCAT-2,2
CTAAGACAGATGGGTC-2,2
CTAAGACGTGTGAAAT-2,1
CTAAGACTCACCTTAT-2,4
CTAATGGCATCCGTGG-2,2
CTACACCTCCTCAACC-2,3
CTACATTTCAGTTTGG-2,2
CTACATTTCCAATGGT-2,2
CTACGTCGTCCGTTAA-2,4
CTAGAGTAGGTGACCA-2,1
CTAGCCTAGTAGCGGT-2,1
CTAGCCTGTTGCGTTA-2,8
CTAGCCTTCGAGGTAG-2,2
CTAGCCTTCTGCCAGG-2,2
CTAGTGAAGCCATCGC-2,2
CTAGTGAAGTGAATTG-2,2
CTAGTGATCGCATGAT-2,3
CTCACACTCATGCTCC-2,2
CTCACACTCTGCGTAA-2,4
CTCAGAATCACGAAGG-2,2
CTCGAAAAGTCAAGGC-2,3
CTCGGAGCACGACGAA-2,2
CTCGGGACAGCGTAAG-2,3
CTCGTACAGCTTCGCG-2,2
CTCGTACAGGACTGGT-2,2
CTCTAATGTTGCTCCT-2,3
CTCTGGTTCAGTTGAC-2,1
CTGAAGTAGTAGCCGA-2,4
CTGAAGTGTAAACGCG-2,1
CTGAAGTGTGATGTCT-2,8
CTGAAGTGTTACCGAT-2,2
CTGATAGAGAAGGTGA-2,3
CTGATAGAGAGTGACC-2,2
CTGATAGAGTGGGATC-2,2
CTGATAGTCTCTGTCG-2,2
CTGATCCAGGATGCGT-2,2
CTGATCCAGTCCAGGA-2,3
CTGATCCTCGGTTCGG-2,1
CTGATCCTCTTGTTTG-2,1
CTGCCTAAGACGCACA-2,2
CTGCCTAAGTGAAGAG-2,2
CTGCCTACACCGAATT-2,2
CTGCGGACACCGAAAG-2,2
CTGCGGACATCTCCCA-2,2
CTGCTGTCACAGGCCT-2,2
CTGCTGTTCGCCTGTT-2,2
CTGGTCTAGTGAAGTT-2,2
CTGGTCTCAAGCGAGT-2,1
CTGGTCTCAGCTGGCT-2,2
CTGGTCTTCACCTCGT-2,2
CTTAACTGTTCGAATC-2,1
CTTAACTTCAACACAC-2,2
CTTACCGGTGATAAGT-2,2
CTTAGGACACCACGTG-2,2
CTTCTCTAGCGATATA-2,1
CTTCTCTTCAACACGT-2,2
CTTGGCTAGCTGCCCA-2,2
CTTTGCGGTTCAACCA-2,2
CTTTGCGTCCTGCCAT-2,2
GAAACTCAGCAGGTCA-2,8
GAAACTCAGTAGGCCA-2,2
GAAATGAAGCGTCAAG-2,4
GAAATGATCGGAGGTA-2,2
GAACATCAGTGAACGC-2,2
GAACCTAAGTAATCCC-2,4
GAACCTACACGTTGGC-2,3
GAACGGACAATAACGA-2,1
GAACGGAGTCGAACAG-2,2
GAATAAGAGCTTCGCG-2,4
GAATAAGGTCCTAGCG-2,3
GAATAAGTCGTCCAGG-2,1
GACACGCAGAGACGAA-2,2
GACACGCGTCGCGAAA-2,2
GACACGCTCAGTGTTG-2,2
GACACGCTCGTTACAG-2,2
GACAGAGCACGAAACG-2,1
GACAGAGCATGACGGA-2,1
GACCAATCAGCAGTTT-2,4
GACCTGGCAATCGAAA-2,2
GACGGCTCACGTCAGC-2,1
GACGGCTGTTGAGTTC-2,2
GACGGCTTCGTCTGAA-2,4
GACGTTACATTGAGCT-2,2
GACTAACAGTGCGTGA-2,3
GACTGCGGTACCATCA-2,2
GACTGCGGTGACAAAT-2,2
GAGCAGAAGATATGCA-2,2
GAGCAGAGTAGCGATG-2,3
GAGCAGATCACCATAG-2,4
GAGGTGATCGTAGGAG-2,1
GAGTCCGGTTTGACAC-2,2
GATCAGTCATCAGTCA-2,2
GATCAGTCATTTCACT-2,2
GATCGATGTCATATGC-2,4
GATCGATGTCCAAGTT-2,8
GATCGCGGTGCACTTA-2,2
GATCGTAAGTGCCAGA-2,2
GATCGTATCTGAGGGA-2,1
GATCTAGGTCGCGGTT-2,2
GATGAAAAGTACGTTC-2,2
GATGAGGAGCACACAG-2,2
GATGAGGAGGCCCGTT-2,2
GATGAGGGTTAAGATG-2,2
GATTCAGTCAGCTCGG-2,2
GCAAACTTCCTCAATT-2,2
GCAATCATCACATGCA-2,4
GCACATAAGTGGGTTG-2,8
GCACATACACCATGTA-2,2
GCATACAAGTCAAGCG-2,2
GCATACACACCAGTTA-2,1
GCATGATGTGTTAAGA-2,2
GCCAAATCAAACCCAT-2,2
GCCTCTAAGGACCACA-2,2
GCCTCTACATATGGTC-2,2
GCCTCTATCTTTAGGG-2,5
GCGACCAGTAGCTTGT-2,2
GCGCAACAGACCACGA-2,2
GCGCAACAGCTGATAA-2,4
GCGCAACTCCTCGCAT-2,2
GCGCAGTGTGGCCCTA-2,2
GCGCAGTGTTACAGAA-2,1
GCGCGATAGGGATGGG-2,2
GCGCGATCAATCGGTT-2,3
GCGGGTTTCTTGCAAG-2,4
GCTCCTACACGAAACG-2,3
GCTCCTATCAGCCTAA-2,2
GCTCCTATCGTATCAG-2,1
GCTGCAGTCGTGGGAA-2,4
GCTGCGAAGTCAAGCG-2,2
GCTGCGAGTTCCACGG-2,2
GCTGCTTTCCTTGGTC-2,1
GCTGGGTAGGACAGCT-2,1
GCTGGGTCAGACGTAG-2,2
GCTGGGTGTACGCACC-2,8
GCTGGGTGTATAGGTA-2,1
GCTGGGTTCTTGCCGT-2,1
GCTTCCACATCGATTG-2,4
GCTTCCATCATATCGG-2,2
GCTTCCATCGAACTGT-2,2
GGAAAGCAGAAGGTTT-2,8
GGAAAGCGTATCACCA-2,2
GGAATAAGTCAGATAA-2,1
GGACAAGAGTCTTGCA-2,2
GGACAAGGTGATGTCT-2,2
GGACAGACAATGGATA-2,2
GGAGCAAGTACTTCTT-2,1
GGATGTTAGGTGTGGT-2,3
GGATGTTCATTTGCTT-2,2
GGATGTTGTGCCTGGT-2,1
GGATGTTTCACGAAGG-2,4
GGATGTTTCGGACAAG-2,2
GGATTACCAGTGGAGT-2,1
GGCAATTAGCCAGTTT-2,2
GGCAATTCAAACCCAT-2,2
GGCAATTCACCTCGTT-2,1
GGCAATTCACGACGAA-2,4
GGCAATTGTTTCCACC-2,4
GGCGTGTCAATGAAAC-2,2
GGCTCGAAGCTAGTTC-2,NA
GGCTGGTCATATGAGA-2,3
GGGAATGAGTATCTCG-2,2
GGGAATGCACAACTGT-2,4
GGGAATGGTCCGAGTC-2,4
GGGACCTGTCACCTAA-2,3
GGGAGATAGCTAACAA-2,2
GGGAGATCAGGTCCAC-2,2
GGGAGATCATTATCTC-2,3
GGGAGATTCGCATGAT-2,2
GGGATGAGTTACGTCA-2,2
GGGCACTCATACGCTA-2,2
GGGCATCCAGCTATTG-2,2
GGGTCTGAGCTACCTA-2,1
GGGTTGCCATGGTAGG-2,2
GGGTTGCGTATTCTCT-2,2
GGTGCGTCAGCTTAAC-2,4
GTAACGTCAAGGACAC-2,2
GTAACTGCACGGTAAG-2,1
GTAACTGTCACCTTAT-2,1
GTACTCCGTCTCAACA-2,3
GTAGTCATCAGCTCGG-2,4
GTATCTTCACGAAACG-2,3
GTATTCTCAGTCACTA-2,4
GTCAAGTAGAAGGGTA-2,1
GTCAAGTAGCTGCGAA-2,4
GTCAAGTGTGCTGTAT-2,4
GTCACGGCACTGTGTA-2,2
GTCATTTGTGATGATA-2,2
GTCCTCACAATGGTCT-2,3
GTCCTCATCCGTTGTC-2,2
GTCGGGTGTGGAAAGA-2,2
GTCGGGTTCCCTCAGT-2,4
GTCGGGTTCTGCTTGC-2,3
GTCGTAATCTTACCGC-2,1
GTCTCGTAGTCCATAC-2,1
GTGAAGGAGTCGATAA-2,2
GTGCATAAGACCACGA-2,2
GTGCATAAGAGGTTGC-2,2
GTGCATAAGATATACG-2,4
GTGCATAGTCCCGACA-2,1
GTGGGTCAGAAGGACA-2,2
GTGGGTCCACATTAGC-2,2
GTGTTAGAGGCAATTA-2,2
GTTAAGCAGAAACGAG-2,2
GTTAAGCCAGCAGTTT-2,3
GTTAAGCGTAGGGTAC-2,NA
GTTACAGCAAAGGTGC-2,2
GTTACAGGTAACGTTC-2,2
GTTACAGGTGGTCTCG-2,2
GTTCATTGTGCGCTTG-2,2
GTTCGGGAGGCTATCT-2,2
GTTCGGGCATCTGGTA-2,2
GTTTCTACAATGCCAT-2,2
GTTTCTAGTCATGCAT-2,1
TAAACCGAGTTACCCA-2,5
TAAACCGCAATCGAAA-2,2
TAAACCGGTAAATACG-2,2
TAAGAGAAGTGTCCAT-2,3
TAAGTGCAGCTGTTCA-2,2
TAAGTGCAGGAACTGC-2,3
TAAGTGCCAAGTCATC-2,2
TACACGAGTATCACCA-2,2
TACACGATCGCAGGCT-2,2
TACCTATAGCCAGTAG-2,3
TACCTATAGTCTTGCA-2,2
TACCTATGTCGCATCG-2,1
TACCTTAAGATCCGAG-2,2
TACGGATCAACACGCC-2,2
TACGGATGTTATGTGC-2,2
TACGGATGTTCCGGCA-2,2
TACGGGCAGTACGACG-2,2
TACGGTAAGACCTTTG-2,2
TACTCATCACGAGAGT-2,1
TACTCATCACTTCTGC-2,4
TACTCATGTAGCGATG-2,2
TAGAGCTCAAGCTGTT-2,4
TAGCCGGCATTTGCCC-2,2
TAGCCGGTCGCTGATA-2,2
TAGGCATAGGATGGAA-2,4
TAGGCATAGTGTTAGA-2,8
TAGGCATTCGAACGGA-2,2
TAGTGGTCATTGGTAC-2,2
TAGTTGGCACTTAAGC-2,3
TATCAGGTCCCGACTT-2,5
TATCTCATCCACTGGG-2,2
TATGCCCTCTTTACGT-2,1
TATTACCCAATCCAAC-2,2
TCAACGAGTTAAAGTG-2,2
TCAACGATCCCAACGG-2,2
TCAATCTAGAGTGACC-2,2
TCACAAGTCTAACTCT-2,2
TCACGAAAGTAACCCT-2,1
TCACGAAGTGGTCTCG-2,2
TCACGAAGTGGTGTAG-2,2
TCACGAATCAGGCCCA-2,4
TCACGAATCCGCATCT-2,2
TCAGATGCAACGATCT-2,1
TCAGCAAGTAAGCACG-2,1
TCAGCAAGTAAGGGCT-2,8
TCAGCAAGTACAAGTA-2,2
TCAGCAATCCAACCAA-2,3
TCAGCTCGTAAACGCG-2,2
TCAGGTACAGCTCGAC-2,4
TCATTACCAGTTAACC-2,2
TCATTACGTATAAACG-2,2
TCATTTGGTCCATGAT-2,8
TCCACACAGGCTACGA-2,1
TCCACACCAGTCGATT-2,2
TCCACACTCATTGCCC-2,2
TCCACACTCTGTCTAT-2,3
TCCCGATTCGGCGGTT-2,2
TCGAGGCAGTCCTCCT-2,4
TCGAGGCAGTGCAAGC-2,1
TCGAGGCTCAGTTAGC-2,2
TCGCGAGAGGCGTACA-2,2
TCGCGAGTCAGGCAAG-2,1
TCGCGTTAGCCACGCT-2,2
TCGCGTTGTAAACGCG-2,1
TCGCGTTGTCGGATCC-2,3
TCGCGTTTCGAACGGA-2,2
TCGCGTTTCTCGCATC-2,4
TCGGGACAGACCGGAT-2,2
TCGGTAATCGTCCAGG-2,4
TCGTACCTCACAACGT-2,2
TCGTACCTCCAGATCA-2,3
TCGTACCTCCTAGAAC-2,4
TCGTAGATCACCATAG-2,2
TCTATTGGTGCAACTT-2,1
TCTATTGTCCAAATGC-2,2
TCTCATACAAAGCGGT-2,3
TCTCTAAAGTTTCCTT-2,2
TCTCTAAGTGGACGAT-2,2
TCTGAGAGTATAGGGC-2,4
TCTTTCCAGGCAGTCA-2,4
TCTTTCCGTGGTCCGT-2,4
TGACAACAGCCAGAAC-2,2
TGACAACCAATGACCT-2,2
TGACGGCGTCAATACC-2,8
TGACTAGGTCTGGTCG-2,1
TGACTTTAGATATACG-2,4
TGACTTTGTACCAGTT-2,8
TGACTTTGTCAACTGT-2,1
TGACTTTTCATAGCAC-2,2
TGAGAGGAGCCCAATT-2,2
TGAGAGGCATAACCTG-2,2
TGAGCATCAGCCTTGG-2,1
TGAGCCGGTTTAAGCC-2,8
TGAGGGAAGCTATGCT-2,2
TGAGGGAAGTACGTTC-2,8
TGAGGGACATCTATGG-2,2
TGATTTCCAGCCTGTG-2,2
TGATTTCCAGCTCGCA-2,2
TGCACCTCACGCCAGT-2,2
TGCCAAAAGTGTACTC-2,4
TGCCCATAGTCTTGCA-2,3
TGCCCATCACTTCTGC-2,2
TGCGCAGAGAGTGAGA-2,2
TGCGCAGCATTACCTT-2,8
TGCGCAGGTTAGAACA-2,2
TGCGGGTAGTCCGTAT-2,4
TGCGGGTCACCAGGTC-2,2
TGCGTGGGTGATAAAC-2,2
TGCTACCAGAACAACT-2,1
TGCTACCAGACACGAC-2,2
TGGACGCTCGCTAGCG-2,4
TGGCCAGAGCTCTCGG-2,4
TGGCCAGGTCACACGC-2,3
TGGCGCAAGACAGAGA-2,2
TGGCTGGAGTTGTCGT-2,2
TGGCTGGGTAAGGGCT-2,2
TGGCTGGTCGCTGATA-2,2
TGGGCGTCAATGGAAT-2,1
TGGTTAGGTAAAGTCA-2,2
TGGTTAGGTCTTTCAT-2,1
TGGTTAGTCCCAAGTA-2,2
TGGTTAGTCCGATATG-2,2
TGTATTCCACAAGACG-2,1
TGTCCCACATCACAAC-2,3
TTAACTCTCTCTTGAT-2,3
TTAGGCAGTTAGAACA-2,8
TTAGTTCCAACTGCGC-2,2
TTCCCAGCAATGAATG-2,3
TTCGAAGTCAAAGACA-2,2
TTCGGTCAGTCGTACT-2,2
TTCTACATCTTTAGTC-2,4
TTCTCAACACAGGCCT-2,2
TTCTCCTCAAGGACTG-2,2
TTCTCCTTCGTTTGCC-2,2
TTCTTAGTCACCATAG-2,2
TTGAACGAGATATGGT-2,2
TTGACTTCAAACCTAC-2,8
TTGACTTCAGTATAAG-2,1
TTGCCGTAGGGCTTCC-2,1
TTGGAACTCGGATGTT-2,3
TTGTAGGAGCTGCCCA-2,2
TTTATGCTCAGGTTCA-2,2
TTTATGCTCTTCATGT-2,1
TTTATGCTCTTGCATT-2,1
TTTGCGCTCACCTTAT-2,3
TTTGGTTAGACAGAGA-2,NA
TTTGGTTAGCATGGCA-2,2
TTTGTCAAGGGATCTG-2,2
TTTGTCATCGCAAGCC-2,2
AAAGATGGTATCACCA-3,1
AACACGTTCATCTGTT-3,1
AACGTTGAGAAGGCCT-3,2
AACGTTGTCCTCCTAG-3,3
AACGTTGTCCTGTAGA-3,8
AACTCAGCACAGATTC-3,3
AACTCCCGTTTACTCT-3,1
AACTCTTCAATTGCTG-3,1
AACTGGTAGTCAATAG-3,2
AACTGGTAGTTTCCTT-3,3
AAGCCGCCAGCTCGCA-3,3
AAGGAGCTCGTCTGCT-3,NA
AATCCAGAGATGTGTA-3,NA
AATCCAGCAGGAACGT-3,1
AATCCAGTCAGCGACC-3,8
AATCCAGTCCCGACTT-3,2
ACACCAAGTCCAGTAT-3,3
ACACCCTGTGGGTATG-3,2
ACACTGAAGCATGGCA-3,3
ACACTGACAGCTGTAT-3,1
ACAGCCGAGAAAGTGG-3,3
ACAGCCGAGCTGTCTA-3,2
ACAGCTAAGCCGGTAA-3,1
ACAGCTATCAACACTG-3,1
ACATCAGCAAACGTGG-3,1
ACATCAGCACAGACTT-3,2
ACATGGTTCAACACGT-3,3
ACATGGTTCACGCGGT-3,2
ACCAGTAGTCTAGCGC-3,1
ACCGTAAAGTGCAAGC-3,3
ACCTTTAAGACTGGGT-3,2
ACGAGCCAGGCAAAGA-3,4
ACGAGCCGTAGCGTAG-3,3
ACGAGCCTCGGCTACG-3,1
ACGAGGACAGATAATG-3,8
ACGAGGATCTTGCCGT-3,3
ACGATGTAGTGCTGCC-3,4
ACGATGTCATCCAACA-3,NA
ACGCAGCTCTTGACGA-3,3
ACGCCAGAGCTAGGCA-3,2
ACGCCAGGTACAGTTC-3,3
ACGCCGAAGCTAACTC-3,NA
ACGGAGAAGTATTGGA-3,3
ACGGGCTGTACCCAAT-3,2
ACGGGCTGTCTAGAGG-3,5
ACGGGCTTCACCATAG-3,3
ACTGATGCAGATCCAT-3,2
ACTGCTCCATGCAACT-3,2
ACTGTCCAGGGAGTAA-3,2
ACTGTCCAGTTACCCA-3,8
ACTTACTAGACAAGCC-3,1
ACTTGTTAGTATCGAA-3,NA
ACTTTCAAGGCTAGAC-3,2
AGAATAGAGTCCAGGA-3,2
AGAGCGAGTAAGTGTA-3,3
AGATTGCAGTACGCGA-3,1
AGATTGCAGTGCAAGC-3,2
AGCATACAGCGGCTTC-3,1
AGCGGTCAGACTGTAA-3,NA
AGCGTCGAGCCGGTAA-3,3
AGCGTCGGTCAGAAGC-3,3
AGCTCCTAGGTAAACT-3,2
AGCTTGATCGTTACGA-3,2
AGGGAGTTCACATAGC-3,NA
AGGGATGGTAGCGATG-3,2
AGGTCATAGCGTCAAG-3,2
AGGTCCGTCGGTCTAA-3,2
AGTCTTTAGACATAAC-3,4
AGTGAGGCAATGGATA-3,1
AGTGAGGGTAGAAGGA-3,2
AGTTGGTAGCGTTTAC-3,2
ATAACGCCAACACCCG-3,1
ATCATCTGTGGTCTCG-3,3
ATCATCTGTGTTTGTG-3,1
ATCATGGAGTACGTAA-3,2
ATCCACCGTAGAGGAA-3,1
ATCGAGTAGACACTAA-3,1
ATCTGCCCAATGACCT-3,1
ATGCGATAGCCTTGAT-3,2
ATGGGAGAGAAACCGC-3,4
ATGGGAGCAAGCTGGA-3,2
ATGTGTGTCGCCAGCA-3,1
ATGTGTGTCGCCCTTA-3,NA
ATTACTCTCCGTAGTA-3,8
ATTGGACCACTAAGTC-3,3
ATTGGACTCAAACCGT-3,3
ATTTCTGAGGTCATCT-3,2
CAACCTCTCGGATGTT-3,2
CAAGATCCAGATGGCA-3,2
CAAGATCTCAAACCGT-3,1
CAAGGCCTCTGGCGTG-3,3
CAAGTTGAGCTCCTCT-3,1
CACAAACGTGTAAGTA-3,5
CACACAAAGAGGGATA-3,8
CACACAACATAAGACA-3,3
CACACAACATCTACGA-3,3
CACACAAGTGGACGAT-3,2
CACAGTAGTCCAGTGC-3,1
CACATAGGTCTGATCA-3,2
CACATAGTCATAACCG-3,NA
CACATTTGTTAAAGAC-3,3
CACCTTGCAAGTTAAG-3,3
CACCTTGTCGAGCCCA-3,1
CACTCCACACCGAAAG-3,2
CAGAATCTCCATGAAC-3,3
CAGATCATCAGATAAG-3,NA
CAGCAGCGTCCGAGTC-3,8
CAGCATAAGCTCCTTC-3,3
CAGCTAAAGACCGGAT-3,1
CAGCTAAAGGTTACCT-3,1
CAGCTGGAGGTGGGTT-3,2
CAGCTGGGTGATGTGG-3,2
CAGCTGGTCTGCCCTA-3,1
CAGTCCTAGAAGGTGA-3,NA
CAGTCCTCAGACTCGC-3,3
CATATGGAGCATGGCA-3,8
CATCAAGAGTAGGCCA-3,1
CATCAAGTCAACACTG-3,8
CATCAGAGTTACTGAC-3,2
CATCCACTCCTCAACC-3,2
CATCGAAAGTAAGTAC-3,8
CATCGAACAAGACACG-3,8
CATCGAAGTCGAATCT-3,3
CATCGGGGTGGACGAT-3,3
CATGACAAGAATCTCC-3,1
CATGACACACTATCTT-3,NA
CATGACACATCTCGCT-3,4
CATGGCGCACTATCTT-3,8
CATGGCGGTAAGCACG-3,2
CATTATCAGGAGTAGA-3,2
CCAATCCTCGGTGTCG-3,NA
CCACCTACATTCACTT-3,3
CCACCTAGTGTGACGA-3,3
CCACCTATCGAACGGA-3,2
CCACGGAAGTGAAGAG-3,1
CCACGGAGTAAAGGAG-3,NA
CCACGGATCCGTAGGC-3,2
CCACTACTCCCAACGG-3,1
CCATGTCCATAGACTC-3,2
CCCAATCGTGCAGGTA-3,2
CCCAGTTAGCTAAGAT-3,3
CCCATACCACCCATGG-3,NA
CCCTCCTCATCCGCGA-3,2
CCCTCCTTCAACACGT-3,3
CCCTCCTTCGGTCTAA-3,3
CCCTCCTTCTTGCATT-3,2
CCGGTAGTCCGAGCCA-3,2
CCGGTAGTCTAGAGTC-3,NA
CCGTGGATCAACCAAC-3,3
CCGTTCACATTTGCTT-3,1
CCTAAAGCATTCACTT-3,2
CCTAGCTCATGTTGAC-3,2
CCTAGCTTCCTAGAAC-3,8
CCTATTACACCTCGGA-3,2
CCTATTATCAACCATG-3,3
CCTCAGTCATCATCCC-3,1
CCTCTGACAGCCACCA-3,2
CCTCTGAGTCTACCTC-3,1
CCTTACGAGTAGTGCG-3,2
CCTTCGATCCATGAAC-3,3
CGAACATTCGTTGACA-3,3
CGACCTTGTCGCATCG-3,2
CGACCTTTCTGTGCAA-3,3
CGACTTCCAGGCTGAA-3,4
CGAGAAGCATGGTCAT-3,2
CGAGAAGGTCTAAACC-3,2
CGAGCCAAGAATAGGG-3,1
CGAGCCACAGGTGGAT-3,1
CGATGGCAGACCCACC-3,2
CGATGTACATGGTCTA-3,2
CGATTGACAATAAGCA-3,NA
CGATTGAGTGAAAGAG-3,NA
CGCCAAGAGTGAATTG-3,4
CGCCAAGTCAACCATG-3,NA
CGCCAAGTCGATCCCT-3,2
CGCGGTAGTCGACTGC-3,2
CGCTGGACAAGGTTCT-3,2
CGCTGGAGTTCAGCGC-3,1
CGGACACGTCCTAGCG-3,1
CGGACACGTCCTCCAT-3,3
CGGACACTCATAACCG-3,4
CGGACGTCATGCCCGA-3,1
CGGACGTGTTTGACTG-3,1
CGGACGTTCAGCAACT-3,5
CGGACTGTCGTGGTCG-3,2
CGGAGCTCAAGCCCAC-3,2
CGGAGTCCACGTCAGC-3,2
CGGGTCAAGGTCATCT-3,8
CGGGTCATCAGTCAGT-3,3
CGGTTAACACGAGAGT-3,3
CGTAGCGTCAACACGT-3,NA
CGTAGGCGTAAATGAC-3,2
CGTCACTTCATGTGGT-3,2
CGTCACTTCCAAGTAC-3,2
CGTCCATAGTACGACG-3,2
CGTCCATCATCAGTAC-3,2
CGTCCATGTTACGCGC-3,3
CGTGAGCGTGAGGGAG-3,2
CGTGAGCTCCTTGACC-3,8
CGTGTAATCCTTGGTC-3,3
CGTGTCTTCATCTGTT-3,2
CGTTAGACATTGGGCC-3,2
CGTTCTGGTTCAGTAC-3,2
CGTTCTGTCTGGCGTG-3,2
CGTTGGGAGTCATCCA-3,NA
CGTTGGGCACCATGTA-3,NA
CTAACTTCACGGCGTT-3,2
CTAAGACTCACGAAGG-3,NA
CTACACCAGGAGTTTA-3,1
CTACACCTCAAAGTAG-3,3
CTACGTCCAATAGCGG-3,2
CTAGAGTCAGGTGCCT-3,8
CTCAGAACAACGATGG-3,2
CTCAGAACAGGTGGAT-3,2
CTCCTAGCACGGTAGA-3,3
CTCCTAGGTTCAGACT-3,3
CTCCTAGTCCCGACTT-3,3
CTCGAAATCCTCTAGC-3,1
CTCGAGGGTCCCTACT-3,1
CTCGAGGGTGATGCCC-3,2
CTCGAGGTCGCACTCT-3,1
CTCGGAGAGATGCCTT-3,5
CTCGGGACAACTGCTA-3,4
CTCGTCACAGCAGTTT-3,2
CTCTAATCATCACAAC-3,NA
CTCTACGCACAGCGTC-3,3
CTCTACGTCCTTAATC-3,1
CTCTGGTCATCCCATC-3,2
CTCTGGTGTCCATCCT-3,4
CTGATCCCAATGTTGC-3,2
CTGATCCCACCAGTTA-3,1
CTGATCCCACTAGTAC-3,1
CTGATCCTCGCAAACT-3,3
CTGCCTAAGCGGCTTC-3,1
CTGCCTAGTGAGTGAC-3,2
CTGCCTATCAACCAAC-3,2
CTGCGGAGTGTGCGTC-3,3
CTGCTGTCAATGACCT-3,2
CTGCTGTTCATTGCCC-3,2
CTGGTCTTCATTTGGG-3,3
CTGTGCTCATTCCTCG-3,1
CTGTTTATCTCAACTT-3,1
CTTAACTTCACAGTAC-3,1
CTTCTCTAGCTAAGAT-3,4
CTTGGCTAGACTTGAA-3,2
CTTTGCGAGCCATCGC-3,2
CTTTGCGTCACATAGC-3,3
GAAACTCCACCAGATT-3,5
GAACCTAAGCAGACTG-3,NA
GAAGCAGAGTTACCCA-3,2
GAAGCAGGTCATATCG-3,2
GAATAAGCATTTGCTT-3,3
GAATGAATCCTCAATT-3,2
GACCAATGTCAGTGGA-3,NA
GACGGCTCATGGTTGT-3,2
GACGTGCCACTATCTT-3,NA
GACGTGCCACTGCCAG-3,2
GACGTGCGTAAACCTC-3,3
GACGTGCTCCTGTAGA-3,3
GACGTTAGTTTGTGTG-3,3
GACGTTATCGTCTGAA-3,1
GACTAACAGGCTCAGA-3,NA
GACTAACGTCCGAATT-3,3
GACTGCGAGATCGATA-3,NA
GACTGCGGTTGAGTTC-3,4
GAGCAGACAAGAAGAG-3,3
GAGCAGAGTACACCGC-3,3
GAGGTGAGTTTAGCTG-3,2
GAGGTGATCACCAGGC-3,2
GATCAGTTCCTTTCTC-3,1
GATCGCGCACCGATAT-3,3
GATCGTAAGTGCCATT-3,2
GATGAAAGTGATGTGG-3,3
GATGAGGAGCCCGAAA-3,3
GATGAGGCAGTAGAGC-3,NA
GCAAACTAGACGCTTT-3,2
GCAATCATCGTACGGC-3,3
GCACATACAAATACAG-3,2
GCACATAGTGGTCCGT-3,2
GCACTCTGTAGAAGGA-3,4
GCAGTTAGTGACCAAG-3,2
GCATACAAGGTCGGAT-3,3
GCCTCTAAGCGATAGC-3,3
GCGACCACAGGGTTAG-3,NA
GCGCAACAGACTACAA-3,1
GCGCAGTAGCGATAGC-3,2
GCGCAGTCATGATCCA-3,1
GCGCCAAAGTGGTAGC-3,NA
GCGCCAATCACAGGCC-3,3
GCGCGATCAAACCTAC-3,2
GCGCGATTCTGCAGTA-3,2
GCGGGTTAGAAGGGTA-3,2
GCGGGTTAGACGCTTT-3,1
GCTCTGTGTGCAGACA-3,1
GCTCTGTTCCTGTAGA-3,2
GCTGCGAGTTTAGCTG-3,3
GCTGCTTTCTTATCTG-3,3
GCTGGGTTCAATACCG-3,2
GCTTGAACAATCTACG-3,3
GGAAAGCCACACGCTG-3,3
GGAACTTCAATGGTCT-3,3
GGAATAAAGCTAGGCA-3,3
GGACAAGCACTAAGTC-3,2
GGACAAGCATGGATGG-3,3
GGAGCAATCTTGAGGT-3,3
GGATTACAGACTACAA-3,2
GGATTACAGTGTACTC-3,2
GGCTCGAAGTGGTAGC-3,2
GGCTCGATCACATACG-3,3
GGCTGGTCAGATCTGT-3,2
GGGAATGAGTACACCT-3,2
GGGAATGCAAGCCCAC-3,2
GGGAATGCACGAAAGC-3,2
GGGACCTAGTATCGAA-3,3
GGGACCTCATCTGGTA-3,1
GGGAGATTCAGGCCCA-3,8
GGGATGACAACACCTA-3,4
GGGCACTAGACGCTTT-3,3
GGGCATCGTTGGTGGA-3,2
GGGCATCTCTTGCATT-3,3
GGTATTGGTGAACCTT-3,NA
GGTGAAGAGTACACCT-3,3
GGTGAAGCAACGATCT-3,2
GGTGAAGTCAAACCAC-3,2
GGTGAAGTCCTGTACC-3,3
GGTGTTATCTCCAGGG-3,NA
GTAACGTCATCACCCT-3,3
GTACTTTCATTTCAGG-3,2
GTAGTCAAGACACTAA-3,3
GTATTCTGTAGCGCTC-3,5
GTCAAGTCATGCTGGC-3,2
GTCACAAAGTGTCTCA-3,3
GTCACGGCACGCTTTC-3,2
GTCACGGGTCCGAATT-3,1
GTCATTTGTGAAGGCT-3,1
GTCCTCAAGAATAGGG-3,1
GTCGTAATCTCGCATC-3,1
GTCGTAATCTGTCCGT-3,4
GTCTCGTTCCACTCCA-3,2
GTCTTCGCAGCTCGCA-3,3
GTGCATAGTATAGTAG-3,3
GTGCGGTGTCCATCCT-3,8
GTGCGGTTCTGACCTC-3,3
GTGTGCGTCCAAAGTC-3,2
GTGTGCGTCCATGCTC-3,3
GTTAAGCCACAGGTTT-3,1
GTTAAGCCAGCTCCGA-3,2
GTTAAGCGTTCCACTC-3,5
GTTAAGCTCGACGGAA-3,1
GTTAAGCTCTGAGTGT-3,2
GTTACAGCAAGGACTG-3,2
GTTCATTAGACTACAA-3,3
GTTTCTAAGGCTCATT-3,1
GTTTCTAGTGTGAAAT-3,2
GTTTCTAGTTAAAGTG-3,3
TAAGTGCCAGCTGTAT-3,8
TAAGTGCCATGTCGAT-3,NA
TACACGATCAGAGCTT-3,1
TACCTATAGCAAATCA-3,2
TACCTATGTGATAAAC-3,3
TACGGATAGAGGGCTT-3,2
TACTCATGTACCATCA-3,3
TACTCATGTCGTTGTA-3,1
TACTCGCCAAACCTAC-3,3
TACTTGTGTATGCTTG-3,2
TACTTGTGTGTAAGTA-3,NA
TACTTGTTCAACCAAC-3,2
TAGCCGGTCACCTCGT-3,2
TAGCCGGTCAGAAATG-3,2
TAGTGGTAGTTGAGAT-3,2
TAGTGGTTCTTCGAGA-3,3
TAGTTGGCAGGAACGT-3,1
TATCAGGAGCTGAAAT-3,NA
TATCAGGCATTCTCAT-3,2
TATCAGGGTGAGTATA-3,3
TATCAGGTCCCGACTT-3,5
TCAACGAAGCCCAATT-3,2
TCAACGACACCGGAAA-3,5
TCAATCTCACAAGACG-3,NA
TCAATCTGTACCGAGA-3,2
TCACAAGAGTTCGATC-3,3
TCACAAGGTCATCGGC-3,NA
TCAGATGCACATCTTT-3,3
TCAGCTCAGCCGATTT-3,5
TCAGCTCGTCAGAATA-3,2
TCAGCTCTCAGCACAT-3,2
TCATTACAGACTGTAA-3,3
TCATTACAGGACGAAA-3,3
TCATTACGTCTTTCAT-3,2
TCATTTGAGATGTCGG-3,4
TCCCGATCATCGGTTA-3,2
TCGCGTTAGAGGGATA-3,1
TCGCGTTAGATGTTAG-3,NA
TCGGGACAGCTCCCAG-3,3
TCGGTAATCGTTTATC-3,NA
TCGTACCCATGTCCTC-3,2
TCGTAGATCTTGTTTG-3,2
TCTATTGTCATTGCCC-3,1
TCTGGAAGTCATACTG-3,1
TCTTTCCCAAACCTAC-3,1
TGAAAGAGTGTTTGTG-3,2
TGAAAGATCGAGCCCA-3,3
TGACAACAGGAGCGTT-3,NA
TGACAACGTTGCCTCT-3,NA
TGACTTTGTAGCTCCG-3,1
TGACTTTTCGGATGTT-3,1
TGAGAGGAGAGGTACC-3,3
TGAGAGGTCAAGATCC-3,2
TGAGCATTCTACTATC-3,2
TGAGCCGAGATGCCTT-3,4
TGAGCCGTCTTCCTTC-3,4
TGAGGGATCGGCCGAT-3,8
TGATTTCAGTAGGCCA-3,1
TGATTTCCAGACGCCT-3,2
TGCCCTACATCTACGA-3,1
TGCGGGTGTAGATTAG-3,1
TGCTACCAGGGTCTCC-3,NA
TGCTACCCAACGATCT-3,2
TGCTACCTCATGGTCA-3,1
TGGACGCCACATTTCT-3,2
TGGCCAGCACAAGTAA-3,NA
TGGCTGGGTTAAAGTG-3,2
TGGGCGTTCCACTGGG-3,2
TGTATTCCACATGACT-3,3
TGTATTCCATTGGCGC-3,5
TGTATTCGTGGAAAGA-3,3
TGTTCCGTCTATCCTA-3,3
TTAACTCCAATAGCAA-3,2
TTATGCTGTAAAGTCA-3,1
TTCCCAGCAGCCACCA-3,4
TTCGAAGGTCTAGAGG-3,2
TTCGGTCTCTAACTGG-3,2
TTCTACAAGTGTACCT-3,1
TTCTCCTAGGAATTAC-3,1
TTCTTAGCAGACGCCT-3,2
TTCTTAGTCAACGCTA-3,1
TTCTTAGTCTGATACG-3,2
TTGAACGTCTCCAGGG-3,3
TTGACTTCATTCACTT-3,1
TTGACTTGTTATGTGC-3,2
TTGACTTTCCATGCTC-3,1
TTGCCGTTCATTCACT-3,1
TTGGCAAAGTGTCCAT-3,5
TTTATGCAGGTGTTAA-3,2
TTTATGCTCCTTTCTC-3,1
TTTGCGCCACGAAATA-3,2
TTTGTCAGTCAATGTC-3,2
TTTGTCAGTTAAGTAG-3,NA
AAACCTGCAGCTATTG-4,5
AAAGATGAGGTAGCTG-4,1
AAAGCAAGTACAGACG-4,NA
AAAGCAATCGGATGTT-4,1
AAAGTAGCACCAGATT-4,1
AAAGTAGCAGTCACTA-4,5
AAATGCCTCCCTTGTG-4,NA
AACACGTAGTCGAGTG-4,1
AACACGTTCGCGTAGC-4,1
AACCATGCATCGACGC-4,3
AACCATGTCAAACCAC-4,3
AACCGCGCATGACATC-4,3
AACCGCGCATTTCACT-4,3
AACCGCGTCACCTTAT-4,1
AACGTTGTCCTCCTAG-4,5
AACTCCCCAAGTAATG-4,3
AACTCTTGTCCAAGTT-4,1
AACTGGTAGTTTCCTT-4,5
AACTGGTCAATACGCT-4,3
AAGACCTCACAGGAGT-4,1
AAGACCTCAGCGAACA-4,1
AAGCCGCAGAGACTAT-4,1
AAGCCGCCAGCCTTTC-4,3
AAGGAGCTCTGGCGAC-4,NA
AAGGCAGGTTCATGGT-4,1
AAGGCAGTCGTCCAGG-4,1
AAGGTTCAGTGTCCCG-4,5
AAGGTTCGTCCTGCTT-4,NA
AAGGTTCTCAGGCGAA-4,2
AAGTCTGAGCGATATA-4,2
AAGTCTGGTCTTCAAG-4,1
AATCCAGGTTGACGTT-4,3
AATCCAGTCTGAGTGT-4,5
ACACCAACAGTGAGTG-4,1
ACACCAAGTAAAGGAG-4,1
ACACCCTGTTCGTGAT-4,7
ACACCGGAGGGAGTAA-4,1
ACACCGGCAATGGATA-4,0
ACACCGGGTCGGCATC-4,3
ACACTGAAGAGTACCG-4,3
ACACTGAAGATCGGGT-4,1
ACACTGACAGCCTATA-4,1
ACACTGAGTGCAGACA-4,NA
ACAGCCGAGAAAGTGG-4,5
ACAGCTACACTTCGAA-4,1
ACATACGAGCACACAG-4,5
ACATCAGAGCCAACAG-4,1
ACATGGTAGACTTTCG-4,1
ACATGGTCACAAGCCC-4,NA
ACATGGTTCCTCTAGC-4,3
ACCCACTGTGCGATAG-4,3
ACCCACTTCGTTACGA-4,1
ACCGTAAAGTCACGCC-4,1
ACCTTTAAGGGCATGT-4,1
ACGAGCCGTAGCGTAG-4,5
ACGAGCCGTTACCAGT-4,1
ACGAGCCTCTGCCCTA-4,1
ACGAGGAAGAAGGCCT-4,1
ACGAGGAAGACATAAC-4,1
ACGAGGAAGCCAGTAG-4,1
ACGAGGACATAAGACA-4,4
ACGAGGATCTGCTGTC-4,5
ACGAGGATCTGTTGAG-4,1
ACGAGGATCTTACCTA-4,1
ACGATACAGGCTATCT-4,3
ACGATACCAGGGTACA-4,1
ACGATACGTGACGGTA-4,1
ACGATACTCACGACTA-4,1
ACGATGTCATCCAACA-4,5
ACGCAGCAGGCATGGT-4,1
ACGCAGCAGTACGATA-4,5
ACGCAGCGTACAGTTC-4,5
ACGCAGCTCACCCTCA-4,5
ACGCCAGGTACAGTTC-4,5
ACGCCAGTCATCTGCC-4,2
ACGCCGAAGAGTAAGG-4,1
ACGCCGAAGCAGGCTA-4,NA
ACGCCGACAGAAGCAC-4,3
ACGCCGACAGTTCCCT-4,1
ACGGAGACAATTCCTT-4,1
ACGGAGATCATCTGTT-4,1
ACGGCCAAGGCAAAGA-4,1
ACGGCCACACTCGACG-4,1
ACGGGCTGTCTAGAGG-4,5
ACGGGCTTCAGCGACC-4,1
ACGTCAAAGGGATCTG-4,5
ACGTCAAAGGGCTTCC-4,7
ACGTCAAAGTGTACTC-4,1
ACTATCTAGACAGACC-4,1
ACTATCTGTTATCGGT-4,7
ACTATCTTCATATCGG-4,1
ACTGAACCAAGTAGTA-4,1
ACTGAACTCGCAAGCC-4,1
ACTGAGTCATTCTCAT-4,4
ACTGAGTTCACTCTTA-4,5
ACTGAGTTCTTGAGGT-4,1
ACTGCTCAGATGCGAC-4,5
ACTGTCCAGACGACGT-4,3
ACTGTCCTCTGAGGGA-4,3
ACTTACTAGTCCGGTC-4,1
ACTTACTGTTATCCGA-4,1
AGAATAGAGGGCATGT-4,1
AGAATAGCAGACTCGC-4,1
AGACGTTCACAGACTT-4,1
AGACGTTCAGTAAGAT-4,4
AGAGCGAGTGATGTGG-4,1
AGAGCTTAGAGTTGGC-4,3
AGAGCTTGTGCTTCTC-4,3
AGAGCTTTCCTCCTAG-4,5
AGAGCTTTCTTCGGTC-4,1
AGAGTGGCAGCGAACA-4,1
AGAGTGGGTAGAGCTG-4,3
AGAGTGGTCCGAGCCA-4,3
AGATCTGCACTAGTAC-4,1
AGATCTGTCTGCGGCA-4,NA
AGATTGCAGGGCTTGA-4,5
AGCAGCCAGGTAGCCA-4,NA
AGCAGCCTCCACGCAG-4,1
AGCATACAGCGCTCCA-4,NA
AGCCTAACACCCTATC-4,1
AGCCTAACACCGAATT-4,1
AGCGGTCCATAACCTG-4,1
AGCGGTCCATCGATTG-4,5
AGCGGTCGTCCGACGT-4,NA
AGCGTATTCTGGGCCA-4,NA
AGCGTCGGTATATGAG-4,NA
AGCGTCGGTATTAGCC-4,1
AGCTCCTTCCAAACAC-4,1
AGCTCTCAGAGGTTGC-4,3
AGCTTGATCCCTAATT-4,NA
AGGGAGTCACATTAGC-4,2
AGGGATGTCCTCTAGC-4,5
AGGGTGAAGACTGGGT-4,NA
AGGTCCGAGATCGATA-4,1
AGGTCCGCATGTCTCC-4,NA
AGGTCCGGTGACGCCT-4,1
AGGTCCGTCGGCATCG-4,1
AGGTCCGTCTCTGCTG-4,1
AGTAGTCGTCTAGTCA-4,1
AGTCTTTTCCGCAGTG-4,4
AGTCTTTTCGACGGAA-4,3
AGTCTTTTCTGCCAGG-4,1
AGTGAGGAGTAGCCGA-4,1
AGTGAGGAGTGAAGAG-4,NA
AGTGAGGCAGCTGTGC-4,5
AGTGAGGTCGGAGCAA-4,3
AGTGGGAGTCATTAGC-4,5
AGTGTCAAGGTCATCT-4,4
AGTGTCATCCGCATCT-4,NA
AGTTGGTCACTCTGTC-4,5
AGTTGGTCATCGTCGG-4,NA
AGTTGGTCATGCAATC-4,4
AGTTGGTGTTGAACTC-4,1
AGTTGGTTCAAGGTAA-4,1
ATAACGCAGGACATTA-4,3
ATAACGCCAAGTAGTA-4,1
ATAACGCTCGCGTTTC-4,1
ATAGACCTCTCTAGGA-4,3
ATCACGACAACTTGAC-4,NA
ATCATCTAGTCTCCTC-4,1
ATCATGGGTAAGGGCT-4,1
ATCCACCCAATGACCT-4,5
ATCCACCCAGGACCCT-4,3
ATCCACCGTGTGACCC-4,5
ATCCACCTCATATCGG-4,5
ATCCGAAAGCCAACAG-4,NA
ATCCGAACACATCCGG-4,3
ATCGAGTAGCGACGTA-4,1
ATCGAGTAGTCCAGGA-4,7
ATCTGCCCACGGATAG-4,5
ATGAGGGTCCTTGCCA-4,1
ATGAGGGTCTTCATGT-4,1
ATGGGAGGTTTGGCGC-4,NA
ATGTGTGGTTCACGGC-4,8
ATGTGTGTCGCCCTTA-4,5
ATTATCCTCAATACCG-4,1
ATTATCCTCGCTTAGA-4,NA
ATTATCCTCTACTATC-4,1
ATTCTACCACCGAATT-4,1
ATTCTACGTATTAGCC-4,2
ATTCTACGTGGGTCAA-4,5
ATTCTACGTTGGACCC-4,NA
ATTCTACTCCTAGGGC-4,3
ATTGGACCACTAAGTC-4,5
ATTGGACCATGGTAGG-4,3
ATTGGTGGTGCATCTA-4,2
ATTTCTGAGGTCATCT-4,3
ATTTCTGTCTATGTGG-4,1
CAACCAAAGACAGGCT-4,3
CAACCAAAGAGTAATC-4,1
CAACCAAAGTTGAGAT-4,1
CAACCTCGTCCGACGT-4,1
CAACTAGCATTACCTT-4,3
CAAGAAACATGTCTCC-4,NA
CAAGAAAGTTTCCACC-4,NA
CAAGAAATCTCGAGTA-4,2
CAAGGCCAGACTTTCG-4,NA
CAAGGCCAGGCAAAGA-4,5
CAAGGCCGTAATCGTC-4,4
CAAGGCCTCTGGCGTG-4,5
CACAAACCACCGTTGG-4,1
CACAAACGTCTTGTCC-4,1
CACACAACATAAGACA-4,3
CACACAAGTGCACGAA-4,NA
CACACCTAGTTGTAGA-4,1
CACACCTGTTCCAACA-4,5
CACACCTTCAACTCTT-4,1
CACAGGCCAGACGTAG-4,2
CACAGGCCATCCGCGA-4,NA
CACAGGCGTTCGCTAA-4,NA
CACAGTACACCAGCAC-4,NA
CACAGTAGTGCAACTT-4,3
CACATAGAGCTAGGCA-4,1
CACATAGCATTAGCCA-4,NA
CACATAGGTACTTGAC-4,1
CACATTTAGTGTCCCG-4,3
CACATTTCAAAGGTGC-4,1
CACCACTAGGCAGTCA-4,NA
CACCACTAGGGAAACA-4,1
CACCACTAGTAGGCCA-4,1
CACCACTAGTCCGTAT-4,3
CACCACTGTGCGAAAC-4,1
CACCACTTCACAGTAC-4,NA
CACCACTTCTAAGCCA-4,NA
CACCAGGGTTGCGTTA-4,1
CACCAGGGTTTGTTTC-4,4
CACCTTGAGGGAGTAA-4,5
CACCTTGCAAGTTAAG-4,5
CACTCCATCTCCCTGA-4,1
CAGAATCAGCCGGTAA-4,1
CAGAATCTCCATGAAC-4,5
CAGAGAGAGCAATCTC-4,5
CAGAGAGGTACAGCAG-4,1
CAGAGAGGTTCCTCCA-4,5
CAGAGAGTCCCTGACT-4,1
CAGCAGCGTACAGTGG-4,NA
CAGCAGCGTCCGAGTC-4,8
CAGCATAAGAATTCCC-4,NA
CAGCATAAGCTCCTTC-4,5
CAGCCGAAGACTTTCG-4,3
CAGCCGACACCAGCAC-4,1
CAGCGACCATACTACG-4,NA
CAGCGACGTTTCGCTC-4,NA
CAGCTAAGTCGATTGT-4,4
CAGCTAAGTTTCCACC-4,1
CAGCTGGGTCTAGCGC-4,1
CAGCTGGTCTACTTAC-4,5
CAGGTGCGTAAACGCG-4,1
CAGTAACCACCATCCT-4,7
CAGTCCTAGGCAGTCA-4,4
CAGTCCTAGTAGTGCG-4,1
CAGTCCTAGTTACCCA-4,1
CATATGGAGTCGATAA-4,5
CATATGGCATTGTGCA-4,5
CATATGGTCTGTACGA-4,1
CATATTCTCATGCTCC-4,3
CATCAAGAGCGACGTA-4,NA
CATCAAGCACCACCAG-4,3
CATCAAGCACCGAAAG-4,1
CATCAAGGTCCGAGTC-4,1
CATCAGAAGCCAGAAC-4,3
CATCAGACATAGTAAG-4,4
CATCGAAAGGCTATCT-4,1
CATCGAACACAGCGTC-4,1
CATCGAACAGCCTGTG-4,3
CATCGAACATTATCTC-4,NA
CATCGAAGTCGAATCT-4,5
CATCGAATCTTGTATC-4,8
CATCGGGAGGAATCGC-4,2
CATCGGGAGTAGATGT-4,1
CATCGGGCACTATCTT-4,5
CATCGGGGTGGACGAT-4,5
CATCGGGTCGCCAAAT-4,2
CATGACAGTGAGGGAG-4,1
CATGACAGTGTCCTCT-4,5
CATGCCTCAAGCTGTT-4,5
CATGCCTCAGCCTTGG-4,1
CATGCCTTCGCATGGC-4,5
CATTATCAGCTCTCGG-4,NA
CATTATCAGTCATCCA-4,1
CATTATCCATAACCTG-4,3
CATTATCGTGTCTGAT-4,1
CCAATCCCACATAACC-4,NA
CCAATCCCACCTGGTG-4,1
CCAATCCCAGTCGTGC-4,7
CCACCTAGTGACGCCT-4,1
CCACCTAGTGTGACGA-4,3
CCACCTAGTTCCACTC-4,1
CCACCTATCCGAATGT-4,1
CCACGGAAGAGGTACC-4,1
CCACGGAAGCATGGCA-4,NA
CCACGGAAGGCCCTTG-4,1
CCACGGAAGTGTCTCA-4,NA
CCACGGATCCTAGTGA-4,3
CCACTACCAACGATCT-4,1
CCACTACCAATGTTGC-4,5
CCACTACGTCTAGGTT-4,1
CCAGCGATCTGTGCAA-4,1
CCATGTCTCTCTGAGA-4,1
CCGGGATCAGGAATGC-4,1
CCGGTAGCACTAAGTC-4,1
CCGGTAGGTACAGTGG-4,1
CCGGTAGGTCACTGGC-4,3
CCGTACTGTATTACCG-4,1
CCGTGGAAGCACCGCT-4,3
CCGTGGACACCAACCG-4,5
CCGTGGAGTACCATCA-4,NA
CCGTTCATCCAGAGGA-4,1
CCGTTCATCTTACCTA-4,5
CCTAAAGAGACTAGAT-4,NA
CCTAAAGGTCAGTGGA-4,5
CCTAAAGGTCTTCAAG-4,1
CCTACACGTCAATACC-4,3
CCTAGCTAGCGCTTAT-4,7
CCTAGCTGTCAAGCGA-4,5
CCTATTACAAGTTAAG-4,1
CCTCAGTGTCACTTCC-4,5
CCTCTGATCGCGTTTC-4,4
CCTTACGAGATGCCTT-4,1
CCTTACGCAGCTGTAT-4,5
CCTTACGTCCTTAATC-4,5
CCTTCCCAGCGATGAC-4,1
CCTTCCCAGTGGAGTC-4,1
CCTTCCCTCATTGCGA-4,2
CCTTCGATCCATGAAC-4,5
CCTTCGATCGGCGCAT-4,1
CCTTTCTCAAGACGTG-4,8
CCTTTCTCAGACGCTC-4,1
CCTTTCTGTATGCTTG-4,3
CGAACATCAGCGTCCA-4,4
CGAACATCAGTATAAG-4,1
CGAACATTCGTTGACA-4,5
CGAACATTCTTCGAGA-4,5
CGAATGTGTGTGACCC-4,7
CGAATGTTCCTGCTTG-4,1
CGACCTTTCCTCTAGC-4,NA
CGACTTCCACCAGCAC-4,4
CGACTTCTCCAAATGC-4,1
CGAGCACGTCATGCAT-4,NA
CGAGCCACATTACGAC-4,1
CGAGCCAGTCAGGACA-4,3
CGATGTATCTGTCCGT-4,1
CGATTGAGTGAAAGAG-4,5
CGCCAAGGTTGTTTGG-4,5
CGCCAAGTCATAAAGG-4,1
CGCGGTACATGAACCT-4,NA
CGCGGTAGTGGCAAAC-4,1
CGCGTTTAGATCGATA-4,4
CGCGTTTAGCACGCCT-4,1
CGCGTTTAGTGTCCCG-4,NA
CGCGTTTCAACAACCT-4,2
CGCTATCAGTGAACGC-4,1
CGCTATCCAAACAACA-4,7
CGCTATCCAAGCCATT-4,1
CGCTATCCACCGAAAG-4,1
CGCTGGACAGTAAGAT-4,2
CGCTGGAGTTGCTCCT-4,1
CGCTTCAAGGCATGTG-4,3
CGGACACAGATATGGT-4,1
CGGACACAGCTGTTCA-4,3
CGGACACGTCCTCCAT-4,5
CGGACTGTCACCCGAG-4,1
CGGACTGTCCTCAATT-4,5
CGGACTGTCTGGCGTG-4,3
CGGAGCTAGCAATATG-4,3
CGGAGTCAGTGGACGT-4,1
CGGAGTCGTTGTGGCC-4,1
CGGAGTCTCAAACCGT-4,1
CGGAGTCTCGTTACGA-4,1
CGGAGTCTCTCTTGAT-4,NA
CGGGTCAAGCCCAGCT-4,1
CGGGTCATCAGTCAGT-4,5
CGGTTAAGTGATGCCC-4,1
CGTAGCGCATCCAACA-4,NA
CGTAGGCAGGCGCTCT-4,7
CGTAGGCGTATCTGCA-4,NA
CGTCACTGTAAACCTC-4,3
CGTCACTTCGGTTCGG-4,NA
CGTCAGGTCCCGACTT-4,5
CGTCTACCATGCCCGA-4,5
CGTCTACGTACCAGTT-4,5
CGTGAGCGTCGCATAT-4,1
CGTGAGCGTGCATCTA-4,2
CGTGAGCGTTAAGGGC-4,1
CGTGAGCGTTAGGGTG-4,1
CGTGTAATCTTGAGAC-4,2
CGTGTAATCTTGTCAT-4,NA
CGTGTCTTCAAAGACA-4,NA
CGTGTCTTCTGCGTAA-4,3
CGTTAGATCATATCGG-4,2
CGTTCTGTCAAGGTAA-4,2
CGTTCTGTCTGGCGTG-4,3
CGTTGGGAGGCCATAG-4,1
CGTTGGGCAATGAATG-4,5
CTAACTTTCGAATCCA-4,1
CTAAGACAGACCGGAT-4,NA
CTAAGACAGGAATTAC-4,1
CTAAGACCAAGCGATG-4,3
CTAAGACTCAGTGTTG-4,5
CTAATGGAGTTAACGA-4,NA
CTAATGGCATTACCTT-4,3
CTAATGGTCCGGGTGT-4,3
CTACACCGTTGGTTTG-4,1
CTACACCTCAAAGTAG-4,5
CTACACCTCCTCAACC-4,5
CTACATTAGGGCTTGA-4,1
CTACATTAGTACTTGC-4,5
CTACGTCAGAGGGATA-4,1
CTACGTCAGGCAGGTT-4,1
CTACGTCGTACGACCC-4,NA
CTACGTCGTTTGTTGG-4,1
CTAGAGTCATTAACCG-4,1
CTAGAGTCATTGGGCC-4,4
CTAGAGTGTCGTTGTA-4,1
CTAGCCTGTTGCGTTA-4,8
CTAGTGAAGAGCCCAA-4,1
CTAGTGACAATGGACG-4,1
CTAGTGACATACAGCT-4,1
CTAGTGAGTAGCGCTC-4,1
CTAGTGATCCGAACGC-4,NA
CTAGTGATCGCATGAT-4,3
CTCAGAACAATCGGTT-4,1
CTCAGAAGTGTGGCTC-4,1
CTCATTACAACACCCG-4,5
CTCATTACACGGTTTA-4,3
CTCATTATCTGATACG-4,1
CTCCTAGCATTCTTAC-4,1
CTCCTAGGTTCAGACT-4,5
CTCGAAAAGGCAGTCA-4,1
CTCGAAAAGTCAAGGC-4,3
CTCGAGGCAGGCAGTA-4,3
CTCGGAGTCAAGAAGT-4,3
CTCGGGAAGCTATGCT-4,NA
CTCGGGACAGCGTAAG-4,5
CTCGGGACAGCTCCGA-4,3
CTCGGGACAGGCTGAA-4,NA
CTCGGGACATACGCTA-4,1
CTCGGGATCCCAAGTA-4,NA
CTCGTACAGGACTGGT-4,NA
CTCGTACGTTCGGCAC-4,1
CTCTAATGTTGCTCCT-4,5
CTCTGGTCATCCGCGA-4,4
CTCTGGTGTCCAGTAT-4,5
CTCTGGTTCAGAGGTG-4,NA
CTGAAACCAGTCCTTC-4,1
CTGAAACTCGGCATCG-4,1
CTGAAGTAGAACTGTA-4,1
CTGAAGTAGGTCATCT-4,4
CTGATAGAGAAGGTGA-4,3
CTGATAGTCAACGGGA-4,NA
CTGATAGTCTCGATGA-4,1
CTGATCCAGTCCAGGA-4,3
CTGATCCTCACTTCAT-4,1
CTGATCCTCCTTGGTC-4,NA
CTGATCCTCGCAAACT-4,5
CTGCCTAGTAGCTAAA-4,1
CTGCCTATCTGACCTC-4,1
CTGCGGAGTCCTCTTG-4,1
CTGCGGATCGATCCCT-4,3
CTGCTGTAGTCATGCT-4,1
CTGGTCTAGAGCCTAG-4,NA
CTGTGCTAGGCTATCT-4,5
CTGTGCTTCGTTACGA-4,5
CTGTTTACAGCGAACA-4,3
CTGTTTACAGCTGTAT-4,1
CTGTTTATCCCAACGG-4,2
CTTAACTTCGGACAAG-4,1
CTTAACTTCTATCCTA-4,1
CTTACCGGTACCATCA-4,6
CTTACCGGTATTACCG-4,1
CTTAGGAAGTGAATTG-4,7
CTTAGGACACGGTTTA-4,3
CTTCTCTAGTGTCCCG-4,2
CTTCTCTGTAAGGGAA-4,5
CTTCTCTTCGTAGATC-4,7
CTTGGCTAGTAACCCT-4,NA
CTTGGCTCACATTAGC-4,1
CTTGGCTTCCTACAGA-4,1
CTTTGCGAGCTCAACT-4,7
CTTTGCGGTCTTCGTC-4,1
CTTTGCGTCACATAGC-4,5
GAAACTCCAAGTCTGT-4,1
GAAACTCCACTGCCAG-4,1
GAAACTCGTGGAAAGA-4,NA
GAAACTCTCTCAACTT-4,1
GAACATCGTCAATGTC-4,1
GAACATCTCATGCAAC-4,NA
GAACCTAAGCAGACTG-4,5
GAACCTAAGCTCTCGG-4,4
GAACCTACACGAAACG-4,3
GAACCTACACGTTGGC-4,5
GAACGGAAGTCACGCC-4,2
GAACGGAGTAAGAGAG-4,NA
GAAGCAGCAGGAACGT-4,1
GAATAAGCATTTGCTT-4,NA
GAATAAGGTACAGTGG-4,1
GAATAAGGTCCTAGCG-4,5
GAATGAACAAGGACTG-4,1
GAATGAAGTAAACACA-4,1
GAATGAAGTCTCAACA-4,NA
GACACGCAGACAATAC-4,1
GACACGCAGGAACTGC-4,1
GACACGCGTTTCCACC-4,1
GACACGCTCTACCAGA-4,1
GACAGAGTCAGGATCT-4,3
GACCTGGGTGCTGTAT-4,1
GACCTGGTCGGAGGTA-4,1
GACGCGTCAAACGTGG-4,4
GACGTGCCACTATCTT-4,5
GACGTGCGTAAACCTC-4,5
GACGTGCTCTTACCTA-4,1
GACGTTAGTTTGTGTG-4,5
GACTAACAGTGAATTG-4,3
GACTAACAGTGCGTGA-4,5
GACTACAAGACGCTTT-4,7
GACTACACACAAGACG-4,1
GACTACACATTTCAGG-4,1
GACTACATCAGCAACT-4,1
GACTGCGAGTCCGGTC-4,NA
GAGCAGAGTAGCGATG-4,5
GAGCAGAGTGTGCCTG-4,1
GAGTCCGAGACCTTTG-4,1
GATCAGTAGTAGTGCG-4,5
GATCAGTGTCAGCTAT-4,NA
GATCAGTTCCGTAGTA-4,1
GATCAGTTCTGTTTGT-4,1
GATCGATGTCCAAGTT-4,8
GATCGTACAGTAGAGC-4,5
GATCGTATCGACCAGC-4,1
GATGAAAAGGAATCGC-4,2
GATGAAACATTACCTT-4,1
GATGAAAGTACCATCA-4,4
GATGAAAGTGCATCTA-4,3
GATGAGGAGCCCGAAA-4,NA
GATGAGGCAGGGTTAG-4,NA
GATGAGGGTAGAGGAA-4,NA
GATGAGGGTCCGAACC-4,1
GATGCTACAATGAAAC-4,1
GATGCTAGTCTCCCTA-4,3
GATGCTAGTTGGTTTG-4,5
GATTCAGTCCATGAAC-4,1
GCAAACTAGCACCGCT-4,5
GCAAACTAGCGTAATA-4,3
GCACATACATCGTCGG-4,4
GCAGCCAGTTATGCGT-4,1
GCAGCCATCTCTGTCG-4,1
GCAGTTACAACGATCT-4,1
GCATACACAAGAAAGG-4,1
GCATACACAAGCCGTC-4,5
GCATGATGTTGGTGGA-4,5
GCATGCGGTTGTGGAG-4,1
GCATGCGTCCGCAAGC-4,1
GCATGTAAGATCGGGT-4,1
GCATGTAGTCTTTCAT-4,1
GCATGTATCCGTAGGC-4,5
GCATGTATCTGGAGCC-4,1
GCCTCTACAATGGAGC-4,1
GCCTCTAGTTACTGAC-4,5
GCCTCTATCTTTAGGG-4,NA
GCGACCAAGCCAACAG-4,1
GCGACCAAGTTGTCGT-4,NA
GCGACCACAGTCAGCC-4,1
GCGACCATCGTCTGAA-4,1
GCGAGAAAGTGGGCTA-4,1
GCGAGAACAGGTCCAC-4,5
GCGAGAAGTGACGCCT-4,7
GCGAGAATCAGTTCGA-4,NA
GCGCAACAGTACGCCC-4,1
GCGCCAATCACAGGCC-4,5
GCGCGATTCAGCGACC-4,5
GCGGGTTGTTTGGCGC-4,5
GCGGGTTTCATTCACT-4,1
GCTCCTACACGAAACG-4,3
GCTGCAGCAAGTCTGT-4,4
GCTGCAGGTAAATGTG-4,1
GCTGCAGGTTAAGAAC-4,NA
GCTGCAGTCCTAGGGC-4,1
GCTGCGAAGCCGGTAA-4,1
GCTGCGAGTTTAGCTG-4,5
GCTGCGATCCAAATGC-4,1
GCTGCGATCGTGGGAA-4,1
GCTGCTTAGGTGCTAG-4,1
GCTGCTTGTAAAGGAG-4,1
GCTGGGTCAAACCCAT-4,3
GCTGGGTCAGATCTGT-4,3
GCTGGGTTCTGTGCAA-4,1
GCTTCCACAGGGTACA-4,1
GCTTCCAGTTGTTTGG-4,1
GCTTGAAAGAAGGACA-4,1
GCTTGAAAGTATCTCG-4,1
GCTTGAACAATCTACG-4,5
GGAAAGCAGGTGCAAC-4,5
GGAAAGCGTCTTTCAT-4,1
GGAAAGCTCTGTCTCG-4,1
GGAACTTCACATGGGA-4,5
GGAACTTGTCTCCACT-4,5
GGAACTTTCTGCAGTA-4,NA
GGAATAAAGCTAGGCA-4,5
GGACAGACACTGTGTA-4,5
GGACAGACAGATGGGT-4,5
GGACAGACAGGCTCAC-4,7
GGACAGAGTTCGGCAC-4,1
GGACATTAGAAACCGC-4,1
GGACATTGTAGCGCAA-4,NA
GGAGCAAGTAAGGATT-4,1
GGAGCAAGTACCATCA-4,NA
GGAGCAAGTACTTCTT-4,2
GGATGTTAGGAGTCTG-4,5
GGATGTTAGGTGTGGT-4,5
GGATGTTGTGTTAAGA-4,3
GGATTACGTAAGAGGA-4,1
GGCCGATCACCAGATT-4,1
GGCCGATGTTATCGGT-4,1
GGCGACTAGCTGAAAT-4,4
GGCGACTCAATACGCT-4,1
GGCGTGTAGGGATCTG-4,5
GGCGTGTCACGAAAGC-4,1
GGCGTGTGTTTGTTGG-4,3
GGCTCGAAGCTAGTTC-4,5
GGCTCGACATGCCACG-4,NA
GGCTCGATCGTTACAG-4,1
GGCTGGTAGTGGCACA-4,3
GGCTGGTTCAGTTAGC-4,NA
GGGAATGTCAGGCGAA-4,1
GGGACCTAGATGTGGC-4,4
GGGAGATCATTATCTC-4,5
GGGATGAAGGCGACAT-4,7
GGGATGAAGTGCTGCC-4,5
GGGCACTAGATGCCTT-4,2
GGGCATCTCGGAAATA-4,3
GGGCATCTCTTGCATT-4,3
GGTGCGTAGTGGAGTC-4,4
GGTGTTAAGATGCGAC-4,1
GTAACGTCATCACCCT-4,5
GTAACTGTCTTAGAGC-4,1
GTACGTAAGCAGCGTA-4,1
GTACTCCAGTGAATTG-4,NA
GTACTCCGTCTCAACA-4,3
GTACTTTAGCCACCTG-4,1
GTACTTTCATCCTTGC-4,1
GTAGGCCTCACATACG-4,1
GTAGGCCTCGTTTAGG-4,1
GTAGTCAAGGTGCAAC-4,NA
GTAGTCACATTGGGCC-4,5
GTATCTTCATATACCG-4,1
GTATTCTCACCACCAG-4,1
GTATTCTGTCAACTGT-4,1
GTCACAATCAGTTTGG-4,1
GTCACGGAGACAGACC-4,5
GTCACGGCATTCACTT-4,1
GTCACGGGTGTGACCC-4,8
GTCACGGTCACTTCAT-4,1
GTCATTTCACAGGTTT-4,1
GTCATTTTCTGTACGA-4,5
GTCCTCAAGCTCAACT-4,5
GTCCTCACAATGGTCT-4,3
GTCCTCACATTGCGGC-4,1
GTCCTCAGTCTAAACC-4,5
GTCGGGTCAATTCCTT-4,1
GTCGGGTTCTGCTTGC-4,5
GTCGTAAGTCCGTCAG-4,1
GTCTCGTAGTCGAGTG-4,3
GTCTCGTTCACTGGGC-4,1
GTCTTCGGTCCCGACA-4,7
GTGAAGGTCTTCATGT-4,1
GTGCAGCAGCTACCTA-4,1
GTGCAGCTCAACCAAC-4,NA
GTGCATACACCTTGTC-4,5
GTGCATAGTATAGTAG-4,5
GTGCGGTAGGGATCTG-4,NA
GTGCGGTAGTACGTAA-4,1
GTGCGGTCAGATGGGT-4,NA
GTGGGTCTCCTAAGTG-4,1
GTGTGCGTCGCTAGCG-4,1
GTGTTAGAGCCACGCT-4,1
GTGTTAGCACTTCTGC-4,1
GTTAAGCCAGCAGTTT-4,5
GTTAAGCGTGATGATA-4,1
GTTAAGCGTTCCACTC-4,5
GTTACAGAGTCGTACT-4,5
GTTACAGGTCTGCGGT-4,1
GTTCATTGTGTTGAGG-4,1
GTTCGGGGTCACCCAG-4,NA
GTTCGGGTCTGGTTCC-4,1
GTTCTCGAGTGAACAT-4,5
GTTTCTACAGCTCGCA-4,NA
GTTTCTACAGCTGCTG-4,NA
GTTTCTAGTTAAAGTG-4,5
TAAGCGTGTCTAGCGC-4,1
TAAGTGCAGGAACTGC-4,5
TAAGTGCGTCGCATAT-4,5
TACAGTGGTGTGGTTT-4,1
TACAGTGTCGTTTAGG-4,3
TACCTATTCATCATTC-4,1
TACCTTACAGCTTAAC-4,7
TACCTTATCTGGTGTA-4,3
TACGGATAGATCGGGT-4,1
TACGGATTCCTTGCCA-4,1
TACGGGCAGAAGGACA-4,NA
TACGGGCAGCCGCCTA-4,5
TACGGTATCGTTACAG-4,1
TACTCATGTAGCGATG-4,3
TACTCATTCCGAATGT-4,1
TACTCGCAGAAGGACA-4,NA
TACTCGCCAGGCTGAA-4,7
TACTTACGTGGGTATG-4,3
TACTTGTCAAGGGTCA-4,1
TACTTGTGTATAATGG-4,5
TACTTGTGTGTAAGTA-4,NA
TAGACCAAGATCTGCT-4,1
TAGACCAAGGTCATCT-4,5
TAGAGCTCAACTGCGC-4,2
TAGAGCTGTGTTCTTT-4,1
TAGCCGGTCCCGACTT-4,NA
TAGGCATAGTGTTAGA-4,8
TAGGCATGTGTTTGTG-4,1
TAGTGGTAGGTGTGGT-4,4
TAGTGGTCAGGACGTA-4,1
TAGTGGTTCTTCGAGA-4,5
TAGTTGGGTTAAGGGC-4,7
TAGTTGGGTTACGCGC-4,NA
TATCAGGTCCCGACTT-4,3
TATCTCAAGATCCCAT-4,1
TATCTCAGTTAGGGTG-4,1
TATCTCATCTCGGACG-4,2
TATGCCCCAGCCAGAA-4,1
TATGCCCGTAGCGCAA-4,1
TATGCCCGTGGCCCTA-4,1
TATTACCAGTCTCAAC-4,4
TATTACCGTGCACGAA-4,NA
TCAACGAAGAAAGTGG-4,1
TCAACGAAGACAGGCT-4,NA
TCAACGAGTTTGGCGC-4,1
TCACAAGAGTTCGATC-4,5
TCACAAGTCTTTACAC-4,1
TCACGAAGTTAAGAAC-4,1
TCACGAAGTTGGAGGT-4,1
TCAGATGCACATCTTT-4,5
TCAGCAAGTAAGGGCT-4,8
TCAGCTCGTGTTGGGA-4,3
TCAGGATAGCAATATG-4,1
TCAGGATAGCTGCCCA-4,2
TCAGGATCATGGAATA-4,1
TCAGGTATCTCGAGTA-4,4
TCATTACAGACTGTAA-4,5
TCATTACGTGGGTATG-4,3
TCATTTGAGTCAATAG-4,1
TCATTTGCAACCGCCA-4,1
TCATTTGGTTAAGGGC-4,NA
TCATTTGTCCGAAGAG-4,1
TCCACACAGAGTGACC-4,NA
TCCACACGTCCTCCAT-4,5
TCCACACTCGCCAAAT-4,5
TCCCGATAGGTGCACA-4,1
TCCCGATCAAACGTGG-4,NA
TCGAGGCGTGTCTGAT-4,NA
TCGCGTTAGCGATATA-4,2
TCGCGTTAGTCCAGGA-4,2
TCGCGTTCAAGCCGCT-4,3
TCGCGTTGTCGGATCC-4,3
TCGCGTTTCTCAACTT-4,0
TCGGGACAGCGAAGGG-4,3
TCGTACCCAGCCACCA-4,1
TCGTACCTCCAGATCA-4,3
TCGTAGACAAGCGCTC-4,0
TCGTAGAGTCGCTTCT-4,NA
TCTCATACAAAGCGGT-4,5
TCTCATATCCTTCAAT-4,7
TCTCTAATCTCAACTT-4,1
TCTGAGAAGCAGATCG-4,6
TCTGAGACAATAGCGG-4,1
TCTGAGAGTGATGTCT-4,1
TCTGGAACAAAGTGCG-4,1
TCTGGAATCTTGTTTG-4,1
TCTTCGGCACGAAAGC-4,NA
TCTTTCCAGTTCGCGC-4,1
TCTTTCCCAGACAAAT-4,5
TCTTTCCGTTCCCGAG-4,3
TGAAAGATCGAGCCCA-4,5
TGACAACCACATCCAA-4,1
TGACTAGAGGTGACCA-4,NA
TGACTTTAGTCGAGTG-4,1
TGACTTTAGTTATCGC-4,1
TGACTTTCACGAAATA-4,1
TGAGAGGAGGAGTTTA-4,1
TGAGCATAGGATGGTC-4,NA
TGAGCATAGGCATGTG-4,1
TGAGCCGCAGGGTACA-4,NA
TGAGCCGGTTAAGAAC-4,1
TGAGCCGGTTTAAGCC-4,8
TGAGGGAAGTACGTTC-4,8
TGATTTCAGGACAGCT-4,1
TGATTTCAGGTGACCA-4,5
TGATTTCGTAGCCTAT-4,1
TGATTTCGTATGGTTC-4,1
TGATTTCTCCGTAGTA-4,5
TGCACCTTCACCTCGT-4,0
TGCCAAAGTTACGGAG-4,1
TGCCCATAGTCTTGCA-4,5
TGCCCATGTCACTTCC-4,NA
TGCCCATTCGCGTAGC-4,1
TGCGCAGCAAGTTAAG-4,1
TGCGCAGCATTACCTT-4,8
TGCGCAGGTCTAAAGA-4,5
TGCGTGGAGCCAGGAT-4,1
TGCGTGGAGGGTCTCC-4,1
TGCGTGGCAATGAAAC-4,1
TGCTACCCAGTAACGG-4,NA
TGCTACCTCAAACCGT-4,NA
TGCTGCTCACTAGTAC-4,NA
TGCTGCTTCACATAGC-4,5
TGGCCAGAGAAGATTC-4,NA
TGGCCAGAGAAGGCCT-4,1
TGGCCAGCATTCTCAT-4,3
TGGCCAGGTACCGGCT-4,NA
TGGCCAGGTCACACGC-4,3
TGGCCAGTCCTTGCCA-4,1
TGGCGCAAGCGGATCA-4,7
TGGCGCAGTAGCACGA-4,1
TGGGAAGAGAGTGACC-4,1
TGGTTAGGTTAAAGTG-4,1
TGGTTAGTCAGTTCGA-4,7
TGGTTCCCACCCATGG-4,6
TGGTTCCCAGCGTAAG-4,1
TGGTTCCGTAGTAGTA-4,NA
TGTATTCCACGCCAGT-4,1
TGTATTCCATCCGTGG-4,3
TGTATTCCATTGGCGC-4,5
TGTCCCACATCACAAC-4,3
TGTGTTTTCTAACTCT-4,1
TGTTCCGTCTATCCTA-4,3
TTAACTCAGAAGGGTA-4,5
TTAACTCCATGAACCT-4,3
TTAACTCTCTCTTGAT-4,5
TTAGGACAGTAGTGCG-4,3
TTAGGACTCGACAGCC-4,1
TTATGCTAGCGTCAAG-4,1
TTATGCTCAAACGTGG-4,7
TTATGCTCACTTAACG-4,NA
TTCCCAGTCACCCGAG-4,1
TTCGGTCAGAGGACGG-4,1
TTCGGTCCAGTTTACG-4,3
TTCGGTCTCAACGGGA-4,3
TTCTACAAGACGCTTT-4,3
TTCTACACATAAGACA-4,NA
TTCTACACATGGGAAC-4,7
TTCTACAGTATTCGTG-4,2
TTCTACATCAGCAACT-4,1
TTCTACATCTGTTGAG-4,1
TTCTCAATCTCGTATT-4,1
TTCTCCTAGAGTACCG-4,5
TTCTCCTTCAACGAAA-4,1
TTCTTAGTCTAACTTC-4,1
TTGAACGGTGTGACCC-4,1
TTGACTTCAAACCTAC-4,8
TTGACTTTCGAATGCT-4,1
TTGCCGTAGTGACATA-4,1
TTGCCGTTCACAACGT-4,1
TTGCGTCCAGATTGCT-4,1
TTGGAACGTGTTTGTG-4,7
TTGGAACGTTGTGGCC-4,1
TTGGAACTCGGATGTT-4,3
TTGGCAAGTAAGTAGT-4,8
TTGGCAATCGTTTATC-4,NA
TTGTAGGTCCCTCAGT-4,1
TTTACTGGTGACCAAG-4,NA
TTTATGCGTAGTACCT-4,1
TTTATGCGTGGCTCCA-4,1
TTTATGCTCGAACTGT-4,3
TTTATGCTCGTTTGCC-4,1
TTTGCGCCAAGGTTCT-4,1
TTTGCGCCATTGAGCT-4,7
TTTGCGCGTAATAGCA-4,1
TTTGCGCTCACCTTAT-4,5
TTTGCGCTCCGCTGTT-4,1
TTTGGTTAGGTGACCA-4,NA
TTTGGTTTCTTGACGA-4,5
TTTGTCAAGAGGTAGA-4,1
TTTGTCAAGCACACAG-4,1
TTTGTCAGTATAAACG-4,1
TTTGTCATCATTCACT-4,4
AAACCTGAGCTAGTTC-5,NA
AAACGGGTCCCTAACC-5,1
AAAGATGTCGGTGTCG-5,NA
AAAGCAAGTACTTGAC-5,4
AAAGTAGCAGTCACTA-5,5
AAATGCCGTCAACTGT-5,1
AACCATGGTAAATACG-5,3
AACCGCGTCCACGTTC-5,2
AACGTTGAGTACGCCC-5,3
AACGTTGCAGCTTCGG-5,1
AACGTTGGTAGAAGGA-5,2
AACTCAGAGTGTACGG-5,4
AACTCAGGTTAGAACA-5,1
AACTCCCAGCCATCGC-5,2
AACTCCCCACGAAAGC-5,3
AACTCCCTCCTTGACC-5,3
AACTCCCTCTTCATGT-5,1
AACTGGTGTCTTGCGG-5,1
AACTGGTTCGAGAACG-5,1
AACTTTCCAGCGTCCA-5,1
AAGCCGCAGGGATCTG-5,1
AAGCCGCGTAAGTGGC-5,NA
AAGGAGCCAGCTGTGC-5,3
AAGGTTCAGTGTCCCG-5,3
AAGTCTGAGTCCAGGA-5,3
AAGTCTGAGTTCCACA-5,3
AAGTCTGCAAGAAGAG-5,3
AATCGGTCATTTGCTT-5,1
ACACCAATCTGGTTCC-5,1
ACACCCTAGTCACGCC-5,1
ACACTGAGTGCAGACA-5,3
ACAGCTAAGACACTAA-5,3
ACAGCTACACACAGAG-5,1
ACAGCTACACGTCAGC-5,1
ACAGCTATCTTGTTTG-5,3
ACATACGAGCACACAG-5,3
ACATACGTCTCCTATA-5,3
ACATCAGGTAGTAGTA-5,8
ACCAGTACATCCGGGT-5,2
ACCCACTAGACCCACC-5,2
ACCCACTGTGCGATAG-5,3
ACCGTAATCAAGATCC-5,1
ACCTTTAAGCCCGAAA-5,4
ACGAGCCGTATCACCA-5,1
ACGATACGTTTAGGAA-5,5
ACGCAGCAGTACGATA-5,3
ACGCAGCGTACAGTTC-5,3
ACGCAGCTCAATCTCT-5,NA
ACGCAGCTCTACCTGC-5,1
ACGCCGACAATGGATA-5,3
ACGGAGAGTACCGTAT-5,1
ACGGAGATCGCCCTTA-5,4
ACGGCCATCCCTCAGT-5,NA
ACGGCCATCTACCTGC-5,2
ACGGGCTCACCTTGTC-5,1
ACGGGCTTCGTACCGG-5,2
ACGGGTCAGAGCCTAG-5,1
ACGTCAAAGGGATCTG-5,3
ACTATCTAGCAGGCTA-5,3
ACTATCTGTCGCGAAA-5,3
ACTATCTGTGCACGAA-5,3
ACTGAGTCAGTAAGAT-5,1
ACTGAGTTCTTGGGTA-5,NA
ACTGTCCCAGCAGTTT-5,3
ACTTACTAGTGCCAGA-5,5
ACTTACTGTTCTGGTA-5,3
ACTTGTTCAAACCCAT-5,1
ACTTGTTGTGCAACGA-5,3
ACTTGTTTCTGCGTAA-5,1
ACTTTCAAGTGAAGAG-5,3
AGAATAGGTCAACATC-5,1
AGAATAGTCGTTACAG-5,3
AGACGTTCACGCGAAA-5,2
AGAGCGATCTTAACCT-5,3
AGAGCTTCACTATCTT-5,1
AGAGCTTTCCTCCTAG-5,NA
AGATCTGGTCCCGACA-5,8
AGCAGCCCAAATCCGT-5,2
AGCATACAGAGCTGCA-5,1
AGCATACAGCCCAACC-5,1
AGCATACCAGCTTAAC-5,2
AGCCTAAGTGTTAAGA-5,2
AGCCTAATCTGATTCT-5,4
AGCGGTCAGAGTGAGA-5,1
AGCGGTCCAAGGACAC-5,2
AGCGGTCCACCTCGGA-5,1
AGCGGTCGTCTTCGTC-5,2
AGCGGTCTCTCGATGA-5,3
AGCGTATGTCTTGTCC-5,3
AGCTCTCAGTCCGTAT-5,1
AGCTTGACACATCCGG-5,2
AGCTTGACAGCCTATA-5,3
AGGCCACTCAGCTGGC-5,2
AGGCCGTCACAAGCCC-5,3
AGGCCGTGTTATGTGC-5,2
AGGGAGTAGATCACGG-5,1
AGGGAGTTCATGCATG-5,2
AGGGTGAAGAATGTTG-5,2
AGGGTGAAGCTAGTGG-5,1
AGGGTGAAGTGGAGAA-5,1
AGGGTGAAGTGGGCTA-5,3
AGGTCATCATCACGTA-5,1
AGGTCATTCTCTGCTG-5,1
AGGTCCGGTACAGTGG-5,8
AGGTCCGGTCATGCAT-5,1
AGTCTTTCAAACGCGA-5,2
AGTCTTTGTGGTGTAG-5,3
AGTCTTTTCTAGCACA-5,1
AGTGAGGCAATGGTCT-5,3
AGTGAGGCACATTAGC-5,3
AGTGAGGGTGGCCCTA-5,2
AGTGAGGTCTCGTTTA-5,3
AGTGGGAAGTTAACGA-5,3
AGTGGGACAGACACTT-5,3
AGTGTCATCACTTATC-5,3
AGTTGGTTCGTTACGA-5,1
ATAACGCCACATCCGG-5,3
ATAACGCGTCAATGTC-5,1
ATAAGAGGTCCAGTAT-5,3
ATAGACCCAGGGAGAG-5,4
ATAGACCTCCTAAGTG-5,3
ATCACGACAATCCGAT-5,1
ATCATCTGTGCCTGCA-5,3
ATCATGGGTAACGCGA-5,4
ATCATGGGTCTCCATC-5,3
ATCCACCCAATGACCT-5,3
ATCGAGTTCAATACCG-5,1
ATCGAGTTCTGCGACG-5,1
ATCTACTAGAATTGTG-5,1
ATCTGCCCACGGATAG-5,3
ATGAGGGAGAATAGGG-5,1
ATGAGGGAGCCGCCTA-5,1
ATGAGGGTCAAAGTAG-5,3
ATGGGAGAGTTAACGA-5,2
ATGTGTGAGGTAGCCA-5,1
ATGTGTGCATGTAAGA-5,NA
ATGTGTGGTTCGTGAT-5,5
ATGTGTGTCACCCGAG-5,2
ATTACTCAGAATGTGT-5,2
ATTACTCCACATTCGA-5,3
ATTATCCTCGGCGCAT-5,5
ATTCTACTCACCACCT-5,1
ATTGGTGGTATTCTCT-5,1
CAACCAAAGATACACA-5,2
CAACCTCAGGCTCATT-5,3
CAACCTCTCAGGCGAA-5,3
CAACCTCTCCGTCATC-5,4
CAACTAGGTTCCGTCT-5,2
CAAGAAATCAACGGCC-5,5
CAAGATCAGACCTAGG-5,4
CAAGATCAGGGTCTCC-5,5
CACACCTGTTCCAACA-5,3
CACACCTTCCCAGGTG-5,3
CACACCTTCGCCAAAT-5,2
CACAGTACACCAGCAC-5,5
CACATAGTCCAGAGGA-5,5
CACCACTAGTGCCATT-5,NA
CACCAGGAGATATGGT-5,2
CACCAGGAGGCGATAC-5,3
CACCTTGTCGCCATAA-5,8
CACCTTGTCTCGCATC-5,2
CAGAATCAGTCATGCT-5,3
CAGAATCGTACTCGCG-5,5
CAGAATCTCTGCAGTA-5,3
CAGAGAGAGCAATCTC-5,3
CAGAGAGGTATAGTAG-5,2
CAGAGAGGTTCCTCCA-5,3
CAGATCACAATCAGAA-5,2
CAGCAGCAGGCACATG-5,1
CAGCATACATAAAGGT-5,3
CAGCCGATCGAACTGT-5,3
CAGCGACGTAGAGGAA-5,1
CAGCGACTCACTCCTG-5,4
CAGCTAATCACATGCA-5,1
CAGCTGGAGGCCCGTT-5,3
CAGCTGGCAGGTGCCT-5,NA
CAGCTGGCATGGGACA-5,1
CAGTCCTTCCAGTATG-5,2
CATATTCCACTGTGTA-5,NA
CATATTCTCGCCGTGA-5,1
CATCAAGAGTCGATAA-5,NA
CATCAAGCATGGATGG-5,5
CATCAGAAGAGGGCTT-5,3
CATCAGATCCGCGTTT-5,3
CATCCACCATCGGACC-5,1
CATCCACGTAACGACG-5,2
CATCCACGTACCGGCT-5,3
CATCCACTCCTAAGTG-5,3
CATCGAACAGGGCATA-5,1
CATCGAATCAGTACGT-5,3
CATCGAATCTTGTATC-5,8
CATCGGGTCCTTCAAT-5,2
CATGCCTCAAGCTGTT-5,3
CATGCCTTCACAAACC-5,1
CATGGCGCAGAGCCAA-5,1
CATTATCCATAACCTG-5,8
CATTATCTCCGAACGC-5,2
CCAATCCCAGCGAACA-5,1
CCACCTACAGACGCAA-5,1
CCACCTACATGGTCAT-5,4
CCACGGAGTGTAATGA-5,3
CCACGGATCATAACCG-5,5
CCACTACAGAGCAATT-5,1
CCATTCGCAGGGTACA-5,2
CCCAATCTCCGTCATC-5,3
CCCTCCTAGAGTGACC-5,2
CCCTCCTCAGCCTATA-5,3
CCCTCCTTCAGTTCGA-5,NA
CCGGGATAGCTAACAA-5,3
CCGGTAGAGAGCAATT-5,1
CCGGTAGAGCCCGAAA-5,3
CCGGTAGCAGCAGTTT-5,3
CCGGTAGCATTTCAGG-5,1
CCGTACTGTACAGACG-5,3
CCGTGGAGTACCATCA-5,3
CCTAAAGGTCAGTGGA-5,3
CCTACACCACGACGAA-5,3
CCTACCAAGTCAAGGC-5,1
CCTACCACAGCTGCAC-5,3
CCTATTATCTTCAACT-5,8
CCTCAGTGTAATCGTC-5,1
CCTCAGTGTCACTTCC-5,3
CCTCAGTTCAGTCAGT-5,3
CCTCTGACAGTTTACG-5,3
CCTTACGCACGGACAA-5,1
CCTTACGCAGCTGTAT-5,NA
CCTTACGTCTTAGAGC-5,2
CCTTCGAAGGGTGTTG-5,2
CCTTTCTAGAATTGTG-5,2
CCTTTCTTCAAAGACA-5,2
CGAACATGTAAACGCG-5,1
CGAACATGTATCACCA-5,1
CGACCTTAGAACAATC-5,1
CGACTTCAGGGCTTCC-5,3
CGACTTCGTTTGTGTG-5,1
CGAGAAGGTAGCAAAT-5,6
CGAGCACAGTCGAGTG-5,3
CGATCGGCAGGAATGC-5,2
CGATGGCGTAAGGGCT-5,2
CGATGGCGTCCGAAGA-5,3
CGATGTATCAACACCA-5,2
CGATGTATCCGGCACA-5,2
CGATTGAAGGCCCGTT-5,4
CGCCAAGCATGCTGGC-5,3
CGCGGTACAGCGTTCG-5,3
CGCGTTTAGAGCTGCA-5,3
CGCTATCAGGATCGCA-5,1
CGCTTCACATACGCTA-5,4
CGCTTCATCGAGAGCA-5,1
CGGACGTAGGCTAGAC-5,1
CGGAGCTGTCTTGCGG-5,3
CGGCTAGAGCTGAAAT-5,1
CGGGTCAGTTAGAACA-5,3
CGGTTAAAGTATCGAA-5,1
CGGTTAAGTCGAAAGC-5,3
CGTAGCGAGTGGACGT-5,2
CGTAGGCCACAACTGT-5,5
CGTAGGCGTGGTCCGT-5,5
CGTCACTGTCGAACAG-5,2
CGTCACTGTCTTTCAT-5,2
CGTCAGGTCTTGGGTA-5,1
CGTCTACAGCCCGAAA-5,1
CGTCTACAGTTACCCA-5,2
CGTGAGCCATGTCGAT-5,1
CGTGTCTAGCAGACTG-5,4
CGTTAGACAAGTTCTG-5,1
CGTTCTGAGCTCTCGG-5,3
CGTTCTGTCAATAAGG-5,2
CGTTGGGAGAAACCAT-5,1
CGTTGGGCAATGAATG-5,3
CTAACTTCAGGGTACA-5,NA
CTAACTTTCATTATCC-5,3
CTAATGGTCCTCCTAG-5,5
CTACACCAGACAAGCC-5,2
CTACACCCACAGGAGT-5,2
CTACACCTCAGTACGT-5,3
CTACACCTCTTACCTA-5,3
CTACATTAGCGGATCA-5,1
CTACATTAGTACTTGC-5,3
CTACATTCAAGACACG-5,1
CTACATTTCCGAACGC-5,3
CTACCCAAGCGATGAC-5,3
CTACCCAGTGTAATGA-5,5
CTACCCATCGTCTGCT-5,2
CTACCCATCGTTTGCC-5,2
CTACGTCCAACTGGCC-5,3
CTACGTCCAAGTTAAG-5,1
CTACGTCGTACCCAAT-5,3
CTACGTCGTACGACCC-5,NA
CTAGAGTAGCCCAACC-5,NA
CTAGAGTAGGCTCTTA-5,2
CTAGAGTAGTGTACGG-5,3
CTAGAGTCAATAACGA-5,NA
CTAGAGTCACCGATAT-5,1
CTAGCCTTCATATCGG-5,4
CTAGTGAGTAAAGTCA-5,3
CTCACACCAGTGACAG-5,2
CTCACACTCTCACATT-5,2
CTCAGAATCGCTTAGA-5,3
CTCCTAGTCACAATGC-5,3
CTCGAAACAGCGAACA-5,2
CTCGAAACATGTCCTC-5,3
CTCGAGGTCCTAGGGC-5,3
CTCGGAGAGACACTAA-5,2
CTCGGGAAGCGCCTTG-5,8
CTCTACGCAAGTAATG-5,1
CTCTGGTTCAGAGGTG-5,5
CTGAAACAGATAGTCA-5,3
CTGAAGTGTCCGAATT-5,2
CTGATCCAGCTGAACG-5,1
CTGCCTACAGTCACTA-5,2
CTGCCTAGTGTTTGGT-5,1
CTGCCTATCAGGTAAA-5,3
CTGCGGAAGCATGGCA-5,3
CTGCGGACAAGTCTAC-5,3
CTGCGGACAGTATGCT-5,2
CTGCTGTCACAGATTC-5,NA
CTGCTGTCATGCTAGT-5,1
CTGCTGTGTGTCCTCT-5,1
CTGCTGTTCGGAGGTA-5,3
CTGGTCTAGTTGCAGG-5,3
CTGGTCTTCGCGGATC-5,2
CTGTTTATCCACGACG-5,1
CTGTTTATCTATCGCC-5,1
CTTAACTGTTGAGGTG-5,1
CTTACCGCATGTCCTC-5,3
CTTCTCTGTAAGGGAA-5,3
CTTCTCTTCACGCGGT-5,2
CTTTGCGCAAGGACTG-5,2
GAAACTCGTTTACTCT-5,1
GAAATGACAGGTCTCG-5,NA
GAACATCTCAGGCGAA-5,2
GAACATCTCGATCCCT-5,NA
GAACCTAGTCGGCTCA-5,3
GAACGGACAACACCCG-5,5
GAATGAAGTCTCAACA-5,3
GACAGAGTCAGGATCT-5,3
GACCTGGGTATATCCG-5,1
GACGCGTAGCCACGCT-5,2
GACGCGTAGGCGCTCT-5,1
GACGGCTGTCCAAGTT-5,2
GACGGCTGTCTAACGT-5,8
GACGGCTTCCAAACTG-5,1
GACGGCTTCCCAAGAT-5,3
GACGTGCGTCTCTTTA-5,3
GACGTGCGTGTAATGA-5,3
GACTGCGCATTGGCGC-5,3
GACTGCGGTGAGGGAG-5,4
GAGCAGAAGCTAGTTC-5,3
GAGCAGACATCACAAC-5,2
GAGTCCGCACTAAGTC-5,3
GAGTCCGTCACATAGC-5,5
GATCAGTAGTAGTGCG-5,3
GATCAGTTCTCAAGTG-5,2
GATCGCGAGCATGGCA-5,1
GATCGCGTCCAAACAC-5,1
GATCGCGTCTACCTGC-5,2
GATCTAGGTGTTAAGA-5,2
GATGAAACACGAGAGT-5,3
GATGAGGAGGTGCACA-5,3
GATGAGGCATCACGAT-5,3
GATGCTAGTTGGTTTG-5,NA
GCAAACTGTTCAGCGC-5,3
GCAATCACACATCCGG-5,2
GCACATAAGATCGGGT-5,3
GCACATAAGTAGCGGT-5,1
GCACATAGTGCCTGCA-5,4
GCACTCTAGGCTATCT-5,3
GCACTCTGTACATGTC-5,2
GCACTCTGTAGCGATG-5,1
GCAGCCACATACTCTT-5,2
GCAGCCAGTTGAGTTC-5,3
GCAGTTACAGACTCGC-5,1
GCATGATGTTGGTGGA-5,NA
GCATGCGTCTCTTATG-5,2
GCCAAATAGCACGCCT-5,NA
GCCTCTAGTTACTGAC-5,3
GCGACCAGTCTTCAAG-5,1
GCGACCAGTGCTTCTC-5,3
GCGAGAAGTTTGGGCC-5,4
GCGCAACAGCGGATCA-5,3
GCGCAACTCTCCAACC-5,2
GCGCAGTTCTAACGGT-5,2
GCGGGTTCAAAGCAAT-5,1
GCGGGTTCAATGGAGC-5,1
GCGGGTTGTTTGGCGC-5,5
GCGGGTTTCAACGAAA-5,1
GCTCCTACAGGGAGAG-5,3
GCTCTGTAGCACGCCT-5,1
GCTCTGTAGCCTTGAT-5,2
GCTCTGTAGGAATTAC-5,3
GCTGCAGAGTATTGGA-5,4
GCTGCAGGTAGTGAAT-5,3
GCTGCGACATCTCGCT-5,NA
GCTGCGAGTGAAGGCT-5,2
GCTGCTTGTGTAACGG-5,1
GCTGCTTGTTATTCTC-5,NA
GCTGCTTTCACAATGC-5,3
GCTGCTTTCTTTAGGG-5,3
GCTGGGTAGTCGAGTG-5,2
GCTGGGTCAGATCCAT-5,3
GCTGGGTGTATTACCG-5,3
GCTTCCAGTCTAGTGT-5,1
GCTTGAAAGCTAACAA-5,2
GCTTGAAGTTGGGACA-5,1
GCTTGAATCATACGGT-5,1
GCTTGAATCGGAAACG-5,3
GGAACTTCAAGTTGTC-5,1
GGAACTTCACATGGGA-5,3
GGAACTTGTCGGATCC-5,1
GGAACTTGTCTCCACT-5,3
GGAATAAAGATATGGT-5,1
GGAATAAAGTAAGTAC-5,3
GGAATAACACATTAGC-5,2
GGAATAACAGCCTTTC-5,2
GGAATAACATCTCGCT-5,3
GGACAAGCACAGGTTT-5,3
GGACAAGTCCCTCAGT-5,3
GGACAGAAGCACACAG-5,1
GGACAGACAGATGGGT-5,NA
GGACAGACAGGGATTG-5,3
GGAGCAAGTTAGTGGG-5,1
GGATGTTAGGAGTCTG-5,3
GGATTACCAGCTCCGA-5,3
GGCAATTAGACCCACC-5,1
GGCGACTTCATGTGGT-5,1
GGCGTGTAGCCTATGT-5,3
GGCTCGACAGATCTGT-5,2
GGGACCTGTACAGTTC-5,NA
GGGAGATTCCTGCTTG-5,NA
GGGATGACACATGGGA-5,1
GGGATGAGTCCAGTGC-5,NA
GGGCATCAGCCCTAAT-5,1
GGGCATCAGTCCTCCT-5,2
GGGCATCCAAGCCGTC-5,3
GGGCATCCAATACGCT-5,5
GGGCATCTCGGAGGTA-5,1
GGGTCTGCAACCGCCA-5,7
GGGTTGCTCGGAATCT-5,3
GGGTTGCTCTTTAGTC-5,NA
GGTATTGAGCCCGAAA-5,2
GGTATTGCAATGGACG-5,2
GGTATTGGTACCATCA-5,2
GGTGAAGAGACAAAGG-5,3
GGTGAAGTCGTACCGG-5,3
GGTGCGTCATCCCACT-5,1
GGTGTTACATGGGACA-5,2
GTAACTGGTTATCGGT-5,1
GTACTCCAGAATTCCC-5,1
GTACTCCCAGACGCAA-5,NA
GTAGGCCCATGTAGTC-5,3
GTAGTCACATTGGGCC-5,3
GTAGTCAGTTAAAGAC-5,1
GTATTCTCAAGCTGTT-5,2
GTCAAGTAGTGCGATG-5,3
GTCACAAAGATGTAAC-5,NA
GTCACAACAGCGATCC-5,1
GTCACGGAGACAGACC-5,NA
GTCACGGAGCTGTCTA-5,5
GTCATTTGTTTAAGCC-5,1
GTCCTCAAGAGTGACC-5,1
GTCCTCAGTCTAAACC-5,3
GTCCTCATCCGCGGTA-5,2
GTCGTAACAAGTTCTG-5,3
GTGAAGGTCACATACG-5,1
GTGAAGGTCCTCGCAT-5,5
GTGCAGCAGAGGTAGA-5,8
GTGCAGCAGAGTAATC-5,3
GTGCAGCAGTACCGGA-5,2
GTGCGGTGTAAATGAC-5,2
GTGCTTCGTTAAGATG-5,2
GTGGGTCCAATGCCAT-5,1
GTGGGTCTCTTCCTTC-5,NA
GTGTGCGTCAAACGGG-5,1
GTGTTAGCATATGAGA-5,1
GTTAAGCTCAATCTCT-5,2
GTTAAGCTCCCAACGG-5,1
GTTACAGCATTGTGCA-5,2
GTTACAGGTACCCAAT-5,1
GTTCTCGAGAAACCTA-5,3
GTTCTCGAGCACCGCT-5,NA
GTTCTCGTCGAGAACG-5,NA
GTTTCTATCCTTCAAT-5,NA
TAAACCGTCATCTGCC-5,1
TAAGCGTCAGCTATTG-5,3
TAAGTGCCACGGCCAT-5,4
TAAGTGCTCCGTCATC-5,NA
TACACGAAGAATTGTG-5,1
TACACGACAAGTTCTG-5,6
TACAGTGTCAGTTAGC-5,3
TACCTATCATGACATC-5,NA
TACCTTAGTGAACCTT-5,4
TACGGATGTGACTCAT-5,1
TACGGGCAGCCGCCTA-5,3
TACGGGCCAAGTAGTA-5,2
TACTCATTCGAGAGCA-5,1
TACTTACTCATTATCC-5,2
TACTTACTCCACTGGG-5,4
TACTTGTAGGTGCTTT-5,2
TACTTGTCACAACGCC-5,3
TACTTGTGTATAATGG-5,3
TAGACCAAGGTCATCT-5,3
TAGTGGTAGACTAGGC-5,1
TAGTGGTAGTACGATA-5,1
TATCAGGAGACCACGA-5,2
TATCAGGAGCCCGAAA-5,3
TATCAGGTCCCGACTT-5,5
TATCTCAAGTGAAGTT-5,3
TATGCCCGTTTGGGCC-5,1
TATTACCTCCGCGTTT-5,3
TCAACGAAGACAGGCT-5,3
TCAACGAAGGGTTCCC-5,3
TCAACGACATTTGCCC-5,2
TCAACGAGTACCGCTG-5,3
TCAATCTAGAAACGCC-5,3
TCAATCTAGTCGATAA-5,2
TCACAAGCAGACAAAT-5,1
TCACAAGTCCTCAATT-5,3
TCACGAACACATCCAA-5,1
TCACGAATCCTTGCCA-5,3
TCAGCTCAGCTCCTCT-5,2
TCAGCTCCATGGGACA-5,3
TCAGGATCAAGTCTAC-5,2
TCAGGATTCGGAATCT-5,2
TCCACACTCGCCAAAT-5,3
TCCCGATTCAAAGACA-5,5
TCGAGGCTCTTCGAGA-5,3
TCGCGAGTCTTTACAC-5,3
TCGCGTTCATGTTCCC-5,2
TCGCGTTGTAAACCTC-5,4
TCGCGTTTCCGTTGTC-5,1
TCGGTAACACCAGGCT-5,3
TCGTACCCATGGTCTA-5,2
TCTATTGCAATGTAAG-5,3
TCTCATAAGACTCGGA-5,NA
TCTCTAATCACAAACC-5,1
TCTTTCCCAGACAAAT-5,3
TCTTTCCGTATCGCAT-5,3
TCTTTCCTCTGTACGA-5,1
TGAAAGACAAAGCGGT-5,3
TGAAAGACAGTCGATT-5,1
TGACGGCAGCGTCTAT-5,1
TGACTAGTCCAGAGGA-5,2
TGACTAGTCTGTCAAG-5,3
TGACTTTAGAAACGAG-5,1
TGAGAGGAGCCAACAG-5,1
TGAGCATTCCTTTCGG-5,3
TGAGCCGAGCCACGTC-5,2
TGATTTCCAACTGGCC-5,5
TGATTTCGTTCCGTCT-5,3
TGATTTCTCTGCGTAA-5,3
TGCACCTAGTGTGGCA-5,3
TGCACCTCACAACGCC-5,3
TGCCAAAAGGATGTAT-5,1
TGCCAAACATTGGGCC-5,2
TGCCAAAGTGCGGTAA-5,3
TGCCAAAGTTCCGTCT-5,3
TGCCAAATCAAGATCC-5,3
TGCCAAATCTAACTTC-5,2
TGCCCATTCAATACCG-5,2
TGCCCTACACACATGT-5,2
TGCGCAGAGTACGTTC-5,2
TGCGTGGAGCTGTCTA-5,1
TGCGTGGTCTCGAGTA-5,1
TGCTACCCAGCTGTGC-5,2
TGCTGCTGTGTGGTTT-5,3
TGCTGCTTCACATAGC-5,3
TGGACGCAGGCATTGG-5,2
TGGCGCATCTCGATGA-5,3
TGGCTGGGTCTGCGGT-5,1
TGGGCGTTCTAAGCCA-5,1
TGGTTAGCATGCGCAC-5,NA
TGGTTCCCACGAAGCA-5,NA
TGTATTCAGTTGTAGA-5,1
TGTATTCTCACTGGGC-5,3
TGTCCCAAGAGGTTAT-5,1
TGTCCCACACTTCTGC-5,2
TGTGGTACAAGCCGCT-5,5
TGTGGTAGTAACGCGA-5,2
TGTGTTTGTTTGACTG-5,3
TGTTCCGGTGCATCTA-5,3
TTAACTCAGAAGGGTA-5,3
TTAACTCAGTGCGTGA-5,1
TTAACTCTCATCACCC-5,3
TTAGGACAGCGTCAAG-5,3
TTAGGCACATCGGGTC-5,2
TTAGTTCAGGACACCA-5,4
TTATGCTGTGAGGCTA-5,3
TTCGAAGAGAACTGTA-5,1
TTCGAAGAGGGTATCG-5,3
TTCGAAGAGTCAATAG-5,NA
TTCGGTCCACGAAACG-5,2
TTCGGTCGTAAGTTCC-5,5
TTCTACATCGTATCAG-5,3
TTCTCCTAGAGTACCG-5,5
TTCTTAGAGTGACATA-5,5
TTCTTAGGTTTAGCTG-5,1
TTGCGTCAGGCAGGTT-5,3
TTGGAACAGCGAAGGG-5,5
TTGTAGGAGAGCAATT-5,NA
TTTACTGCAAACGCGA-5,5
TTTACTGCAGACGCTC-5,NA
TTTACTGGTTCCAACA-5,3
TTTCCTCCAGGATCGA-5,2
TTTCCTCGTAGCGATG-5,2
TTTGGTTTCAAGCCTA-5,1
TTTGTCAGTATTAGCC-5,3
